tweet_id,text,language,type,bookmark_count,favorite_count,retweet_count,reply_count,view_count,created_at,client,hashtags,urls,media_type,media_urls
'1995182391195849015',"If people want to talk about illegal military orders, are we ready to talk about the unconstitutional mandatory COVID vaccination of soldiers under threat of being kicked out of the military?

Or that one doesn't fit the narrative? 🤔",en,Tweet,2,124,8,27,8083,2025-11-30 20:25:25,"<a href=""https://mobile.twitter.com"" rel=""nofollow"">Twitter Web App</a>",,,,
'1995168488256922000',@shaincodes 🔥,qme,Reply,0,1,0,0,83,2025-11-30 19:30:10,"<a href=""http://twitter.com/download/iphone"" rel=""nofollow"">Twitter for iPhone</a>",,,,
'1995156341334348005',@paoloardoino Great to see the transparency you and the team provide,en,Reply,0,35,0,7,3916,2025-11-30 18:41:54,"<a href=""https://mobile.twitter.com"" rel=""nofollow"">Twitter Web App</a>",,,,
'1995151080104054825',"If these two men can find a way to work together, imagine what is possible if the rest of us did the same? https://t.co/oNq26i8diM",en,Tweet,4,150,5,59,21595,2025-11-30 18:21:00,"<a href=""https://mobile.twitter.com"" rel=""nofollow"">Twitter Web App</a>",,,photo,https://pbs.twimg.com/media/G7AtIIiXQAADRLO.jpg
'1995142017760788665',"You can now use software to build AI agents that are always working on your personal finances.

These agents can:

- track your net worth
- analyze your investments
- identify risk in your portfolio
- monitor news that affects your investments
- answer questions about your portfolio
- scenario plan for recessions or asset growth
- analyze your tax returns & suggest improvements
- analyze potential investments for pros/cons
- send you notifications for various developments
- highlight abnormal increases in spending
- update your portfolio values in real-time
- save you time and money in managing your finances

But rather than having to spend hours setting up all of these AI agents yourself, we built @cfosilvia as a free product that has everything already created for you.

You can input your information in minutes and have an army of AI agents working on your behalf immediately.

Welcome to the future of personal finance.

Sign up free here: https://t.co/bMI7hLeciU",en,Tweet,33,93,6,45,24960,2025-11-30 17:44:59,"<a href=""https://mobile.twitter.com"" rel=""nofollow"">Twitter Web App</a>",,,,
'1995145649365635344',"@Dreamstateawake You would be surprised at how good Silvia is at analyzing various stocks, especially given the context of your current portfolio (correlations, concentrations, etc)",en,Reply,0,1,0,0,166,2025-11-30 17:59:25,"<a href=""https://mobile.twitter.com"" rel=""nofollow"">Twitter Web App</a>",,,,
'1995131349896962421',Worth reading. One of the best ways to understand how American culture was formed over the last 50+ years. https://t.co/q7Uogzra1Q,en,Tweet,33,88,4,36,20681,2025-11-30 17:02:36,"<a href=""http://twitter.com/download/iphone"" rel=""nofollow"">Twitter for iPhone</a>",,,photo,https://pbs.twimg.com/media/G7AhYvKXwAAgYTK.jpg
'1994945039147962692',"It is objectively hilarious that some people are upset about the US government killing terrorists caught in the act of breaking the law.

What the hell do you think the rough men ready to conduct violence on your behalf are doing on a daily basis?!

War is a nasty, ugly place where death and destruction is the only common language.

Speak their language or they will continue to ignore our laws.",en,Tweet,26,1227,84,252,87929,2025-11-30 04:42:16,"<a href=""http://twitter.com/download/iphone"" rel=""nofollow"">Twitter for iPhone</a>",,,,
'1994941019637649526',"For the record, it is now appropriate to put up Christmas trees and start playing Christmas music since Thanksgiving is over.",en,Tweet,1,359,11,44,61508,2025-11-30 04:26:17,"<a href=""http://twitter.com/download/iphone"" rel=""nofollow"">Twitter for iPhone</a>",,,,
'1994908450862555445',@howard @andrewrsorkin @alex 🔥🔥,qme,Reply,0,10,3,1,884,2025-11-30 02:16:52,"<a href=""http://twitter.com/download/iphone"" rel=""nofollow"">Twitter for iPhone</a>",,,,
'1994826795838050783',"There are only two ways a man can be defeated:

He quits or he dies.",en,Tweet,62,1194,118,170,70058,2025-11-29 20:52:24,"<a href=""http://twitter.com/download/iphone"" rel=""nofollow"">Twitter for iPhone</a>",,,,
'1994830934374596911',@mackflooring 😂🙏🏼,qme,Reply,0,9,1,1,634,2025-11-29 21:08:51,"<a href=""http://twitter.com/download/iphone"" rel=""nofollow"">Twitter for iPhone</a>",,,,
'1994788193296699595',@PEoperator Such a good read,en,Reply,0,2,0,0,1280,2025-11-29 18:19:01,"<a href=""http://twitter.com/download/iphone"" rel=""nofollow"">Twitter for iPhone</a>",,,,
'1994758140873539806',"What was the best thing you read, watched, or listened to this week?      

Any topic is fair game.",en,Tweet,20,219,18,195,63260,2025-11-29 16:19:36,"<a href=""http://twitter.com/download/iphone"" rel=""nofollow"">Twitter for iPhone</a>",,,,
'1994505016502358174',"It is surprising how many great entrepreneurs and investors came close to dying through insane circumstances early in their career.

Richard Branson almost dying in the hot air balloon.

Kirk Kerkorian almost dying when running out of fuel on his plane.

Sumner Redstone’s hotel catching on fire and burning 40% of his body while hanging off the fire escape.

David Koch surviving and walking away from a plane crash at LAX that killed 33 people. 

Howard Hughes surviving a plane crash in Beverly Hills from a plane he built.

Elon Musk and Peter Thiel walking away after their sports car went airborne in a crash on Sand Hill Road.

The list goes on.

Not sure if risk-takers have higher odds of being in these situations or these situations encouraged higher risk-taking in each person’s career afterwards.",en,Tweet,19,316,24,55,61719,2025-11-28 23:33:46,"<a href=""http://twitter.com/download/iphone"" rel=""nofollow"">Twitter for iPhone</a>",,,,
'1994576593235447822',"@t_rex_landshark It was in the late 80s or early 90s if I remember correctly, so given that one of them is still operating today I think fair to say earl(ier)",en,Reply,0,13,2,3,623,2025-11-29 04:18:11,"<a href=""http://twitter.com/download/iphone"" rel=""nofollow"">Twitter for iPhone</a>",,,,
'1994176754106462359',"RT @undefined: Wealthy people have access to the best financial insights in the world.

They have large teams of people working to help them make more money.

But artificial intelligence can now do it better and cheaper than those teams.

We built @cfosilvia to democratize access to this important superpower and it is completely free.

Sign up here: https://t.co/bMI7hLeK8s",en,Retweet,67,210,36,84,87090,2025-11-28 01:49:22,"<a href=""https://mobile.twitter.com"" rel=""nofollow"">Twitter Web App</a>",,,,
'1994544610400731226',Volatility is a timeless necessity of financial markets. https://t.co/iZwhr8aB70,en,Tweet,55,456,55,87,47807,2025-11-29 02:11:06,"<a href=""http://twitter.com/download/iphone"" rel=""nofollow"">Twitter for iPhone</a>",,,photo,https://pbs.twimg.com/media/G64LwIwWUAArQMb.jpg
'1994505452445725065',@Brian05900591 @SethMacFarlane Mark Whalberg too on the same flight if I remember correctly,en,Reply,0,19,3,4,1133,2025-11-28 23:35:30,"<a href=""http://twitter.com/download/iphone"" rel=""nofollow"">Twitter for iPhone</a>",,,,
'1994474801680060612',"RT @undefined: I vibe coded a website to share books that actually changed how I think.  (It was fun and surprisingly easy.)

Check it out here: https://t.co/e9xfommV8e

Appreciate you sharing and sending more recs my way.",en,Retweet,560,346,14,33,111680,2025-11-28 21:33:42,"<a href=""https://mobile.twitter.com"" rel=""nofollow"">Twitter Web App</a>",,http://peoperator.co,,
'1994176754106462359',"Wealthy people have access to the best financial insights in the world.

They have large teams of people working to help them make more money.

But artificial intelligence can now do it better and cheaper than those teams.

We built @cfosilvia to democratize access to this important superpower and it is completely free.

Sign up here: https://t.co/bMI7hLeK8s",en,Tweet,67,210,36,84,87091,2025-11-28 01:49:22,"<a href=""https://mobile.twitter.com"" rel=""nofollow"">Twitter Web App</a>",,,,
'1994436710122303863',@GoldTeslaRents @cfosilvia Love to hear that,en,Reply,0,8,4,3,171,2025-11-28 19:02:21,"<a href=""http://twitter.com/download/iphone"" rel=""nofollow"">Twitter for iPhone</a>",,,,
'1994436637003288839',@GoblinTownhl @cfosilvia Absolutely. Silvia actually started as a replacement for a spreadsheet I had,en,Reply,0,1,0,1,151,2025-11-28 19:02:03,"<a href=""http://twitter.com/download/iphone"" rel=""nofollow"">Twitter for iPhone</a>",,,,
'1994436551166570714',@nghie_ify @cfosilvia Technology is amazing,en,Reply,0,2,1,0,200,2025-11-28 19:01:43,"<a href=""http://twitter.com/download/iphone"" rel=""nofollow"">Twitter for iPhone</a>",,,,
'1994436517683421657',@askinomy @cfosilvia Very true,en,Reply,0,1,0,0,166,2025-11-28 19:01:35,"<a href=""http://twitter.com/download/iphone"" rel=""nofollow"">Twitter for iPhone</a>",,,,
'1994406675717976277',One of the most interesting conversations would have been with Jay-Z and Frank Sinatra. https://t.co/Q7ku0lbJJ7,en,Tweet,4,243,6,101,49191,2025-11-28 17:03:00,"<a href=""https://mobile.twitter.com"" rel=""nofollow"">Twitter Web App</a>",,,photo,https://pbs.twimg.com/media/G6y8uQXXIAAUaIw.jpg
'1994188265012744680',"@VivatLiquiditas @cfosilvia They don’t have the context of your personal financial data / portfolio. You also can’t call Gemini or Grok on the phone, nor can they do a number of other features. Context is the biggest advantage though",en,Reply,1,15,0,5,533,2025-11-28 02:35:07,"<a href=""http://twitter.com/download/iphone"" rel=""nofollow"">Twitter for iPhone</a>",,,,
'1994161371647459372',@polinapompliano * ahem *,en,Reply,0,18,1,3,1229,2025-11-28 00:48:15,"<a href=""http://twitter.com/download/iphone"" rel=""nofollow"">Twitter for iPhone</a>",,,,
'1994074711949549684',I wish I could have talked with and learned from the Pilgrims at the very first Thanksgiving. https://t.co/1BT7XvhaWl,en,Tweet,4,527,20,106,57131,2025-11-27 19:03:54,"<a href=""https://mobile.twitter.com"" rel=""nofollow"">Twitter Web App</a>",,,photo,https://pbs.twimg.com/media/G6xf29nWMAE7Wz9.jpg
'1994040777190855074',Nothing like a New York Thanksgiving… https://t.co/aIZEvT6cOs,en,Tweet,17,367,36,81,44015,2025-11-27 16:49:03,"<a href=""http://twitter.com/download/iphone"" rel=""nofollow"">Twitter for iPhone</a>",,,video,https://video.twimg.com/ext_tw_video/1595924653268090885/pu/vid/720x1280/_V5A_kr8S40_666i.mp4?tag=14
'1994037899961000089',Happy Thanksgiving to all of you 🦃 https://t.co/J93Ms4DaSK,en,Tweet,10,197,23,42,26523,2025-11-27 16:37:37,"<a href=""http://twitter.com/download/iphone"" rel=""nofollow"">Twitter for iPhone</a>",,,video,https://video.twimg.com/ext_tw_video/1190152885159497728/pu/vid/720x1280/LNnh5_MU12-NUhOQ.mp4?tag=10
'1994007903779406254',Good morning. Today is going to be a great day. Let’s get after it relentlessly.,en,Tweet,2,516,24,109,36939,2025-11-27 14:38:25,"<a href=""http://twitter.com/download/iphone"" rel=""nofollow"">Twitter for iPhone</a>",,,,
'1993762160711750019',@paoloardoino 🔥,qme,Reply,1,144,8,6,6295,2025-11-26 22:21:56,"<a href=""https://mobile.twitter.com"" rel=""nofollow"">Twitter Web App</a>",,,,
'1993727085446381657',@loganjrankin 🔥,qme,Reply,0,7,3,1,356,2025-11-26 20:02:33,"<a href=""http://twitter.com/download/iphone"" rel=""nofollow"">Twitter for iPhone</a>",,,,
'1993723042028233045',Two historical figures I wish I could have had a conversation with would be Jesus and Gandhi. https://t.co/XYWxp7uSDQ,en,Tweet,17,686,34,323,115720,2025-11-26 19:46:29,"<a href=""https://mobile.twitter.com"" rel=""nofollow"">Twitter Web App</a>",,,photo,https://pbs.twimg.com/media/G6sgMKhXEAMKR7-.jpg
'1993662295017492500',"Interest rates are too high.

The Fed should cut 50 basis points in December.",en,Tweet,14,2784,168,308,155369,2025-11-26 15:45:06,"<a href=""http://twitter.com/download/iphone"" rel=""nofollow"">Twitter for iPhone</a>",,,,
'1993722504473682161',"@TheDragonFeeder Inflation is much lower than the government is reporting, labor market is weakening, and the deflationary force of no illegal immigration and AI will only continue bringing prices down.",en,Reply,0,21,7,13,1407,2025-11-26 19:44:21,"<a href=""https://mobile.twitter.com"" rel=""nofollow"">Twitter Web App</a>",,,,
'1993717634894860326',"From the Desk of Anthony Pompliano

0:00 The Housing Market Is Improving - But Is It Too Late?
17:15 Will Fear In The Markets Lead To A Bitcoin Rebound?

Enjoy! https://t.co/JgXS0wMJHG",en,Tweet,11,161,22,39,24730,2025-11-26 19:25:00,"<a href=""https://studio.twitter.com"" rel=""nofollow"">Twitter Media Studio</a>",,,video,https://video.twimg.com/amplify_video/1993697369951752192/vid/avc1/1920x1080/K8U3ZWXbeZwDMhKW.mp4?tag=21
'1993701528599683278',"Extreme Fear in the market could actually be the signal that bitcoin will recover from here, according to @binance https://t.co/1YIlmQClBW",en,Tweet,507,6121,239,137,3057063,2025-11-26 18:21:00,"<a href=""https://studio.twitter.com"" rel=""nofollow"">Twitter Media Studio</a>",,,video,https://video.twimg.com/amplify_video/1993696799962636288/vid/avc1/1920x1080/XLz3lR_xQqrlUByZ.mp4?tag=21
'1993686500702355752',"The housing market has actually been getting more affordable this year, but is it too little, too late?

@newslambert explains. https://t.co/dqXjnZFifV",en,Tweet,9,131,10,46,25497,2025-11-26 17:21:17,"<a href=""https://studio.twitter.com"" rel=""nofollow"">Twitter Media Studio</a>",,,video,https://video.twimg.com/amplify_video/1993677767997849600/vid/avc1/1920x1080/sfSVUa-Uqt8TUgUz.mp4?tag=21
'1993663666865217638',Populism is rising because politicians are drowning us in debt.,en,Tweet,3,464,24,72,39027,2025-11-26 15:50:33,"<a href=""http://twitter.com/download/iphone"" rel=""nofollow"">Twitter for iPhone</a>",,,,
'1993660320452333894',Our children won’t learn to drive a car.,en,Tweet,30,1352,61,471,117886,2025-11-26 15:37:15,"<a href=""http://twitter.com/download/iphone"" rel=""nofollow"">Twitter for iPhone</a>",,,,
'1993662425254768796',@CanadaKaz 😂 so good,en,Reply,0,10,0,1,2384,2025-11-26 15:45:37,"<a href=""http://twitter.com/download/iphone"" rel=""nofollow"">Twitter for iPhone</a>",,,,
'1993662295017492500',"Interest rates are too high.

The Fed should cut 50 basis points in December.",en,Tweet,14,2784,168,308,155369,2025-11-26 15:45:06,"<a href=""http://twitter.com/download/iphone"" rel=""nofollow"">Twitter for iPhone</a>",,,,
'1993660437997707513',@CanadaKaz This is a great way to think about it,en,Reply,0,16,1,0,1140,2025-11-26 15:37:43,"<a href=""http://twitter.com/download/iphone"" rel=""nofollow"">Twitter for iPhone</a>",,,,
'1993659910673027334',"Humanoid robots are going to infiltrate society and revolutionize how humans live, work, and play.",en,Tweet,3,473,25,92,32130,2025-11-26 15:35:37,"<a href=""http://twitter.com/download/iphone"" rel=""nofollow"">Twitter for iPhone</a>",,,,
'1993656736805466424',@natbrunell @ericjackson @mikealfred @Opendoor Great conversation,en,Reply,0,18,1,3,2571,2025-11-26 15:23:01,"<a href=""http://twitter.com/download/iphone"" rel=""nofollow"">Twitter for iPhone</a>",,,,
'1993625210759835809',Good morning. Today is going to be a great day. Let’s get after it relentlessly.,en,Tweet,2,540,22,81,32363,2025-11-26 13:17:44,"<a href=""http://twitter.com/download/iphone"" rel=""nofollow"">Twitter for iPhone</a>",,,,
'1993502689326694768',"What if trading opinions is a bigger market than trading assets?

Prediction markets are very under-appreciated right now.",en,Tweet,14,270,23,82,49831,2025-11-26 05:10:53,"<a href=""http://twitter.com/download/iphone"" rel=""nofollow"">Twitter for iPhone</a>",,,,
'1993461936814801118',@mike_sheb @Traba_Work 🔥,qme,Reply,0,6,3,2,192,2025-11-26 02:28:57,"<a href=""https://mobile.twitter.com"" rel=""nofollow"">Twitter Web App</a>",,,,
'1993461736276738272',@ericjackson @EMJXai @Drake Watching,en,Reply,0,16,2,1,1141,2025-11-26 02:28:09,"<a href=""https://mobile.twitter.com"" rel=""nofollow"">Twitter Web App</a>",,,,
'1993420678549106738',"From the Desk of Anthony Pompliano

0:00 Has the Market Bottomed?
2:18 The $ Trillion Club - Apple, Microsoft, Nvidia, &amp; Google
8:48 Amazon Just Announced Their New Starlink Competitor
10:06 My Latest Thoughts on the Market on Fox Business

Enjoy! https://t.co/qm7vkWmgZf",en,Tweet,24,155,19,39,28504,2025-11-25 23:45:00,"<a href=""https://studio.twitter.com"" rel=""nofollow"">Twitter Media Studio</a>",,,video,https://video.twimg.com/amplify_video/1993395035942141952/vid/avc1/1920x1080/3e19G_uPeP3jZI4_.mp4?tag=21
'1993384756365738293',https://t.co/3AIJN4G4Ek,zxx,Tweet,13,406,8,59,94723,2025-11-25 21:22:15,"<a href=""https://mobile.twitter.com"" rel=""nofollow"">Twitter Web App</a>",,,photo,https://pbs.twimg.com/media/G6ns1aLXIAA8DKO.jpg
'1993410572193558995',@vaneckpk Did the meeting happen if you don't do it?,en,Reply,0,3,0,0,328,2025-11-25 23:04:50,"<a href=""https://mobile.twitter.com"" rel=""nofollow"">Twitter Web App</a>",,,,
'1993409355153039762',"Bitcoin, AI, drones, robotics, and rockets are going to revolutionize the American economy.

Anyone who is bearish doesn't understand what is happening.

I joined @MariaBartiromo to explain why most things are undervalued right now. https://t.co/JeHfNrz8nS",en,Tweet,78,993,90,89,54623,2025-11-25 23:00:00,"<a href=""https://studio.twitter.com"" rel=""nofollow"">Twitter Media Studio</a>",,,video,https://video.twimg.com/amplify_video/1993386965522427904/vid/avc1/1920x1080/n6Tr48lxeCsxze9k.mp4?tag=21
'1993400545868943688',"Amazon just announced their new Starlink competitor.

Regardless of who wins, we are all going to have fast, low-cost internet beamed down to us from satellites in the near future. https://t.co/Y4UBk5y8z1",en,Tweet,25,795,47,66,55267,2025-11-25 22:25:00,"<a href=""https://studio.twitter.com"" rel=""nofollow"">Twitter Media Studio</a>",,,video,https://video.twimg.com/amplify_video/1993384022849056768/vid/avc1/1920x1080/OybsRT8a7omtJCpc.mp4?tag=21
'1993389222028280185',"Google became the fourth company in history to join the $4 Trillion Club.

I think many of these companies are actually undervalued right now compared to their future financial performance. https://t.co/LX81OWiQRE",en,Tweet,25,256,12,52,566054,2025-11-25 21:40:00,"<a href=""https://studio.twitter.com"" rel=""nofollow"">Twitter Media Studio</a>",,,video,https://video.twimg.com/amplify_video/1993384004276699137/vid/avc1/1920x1080/voKgfaYWvvD1pQfj.mp4?tag=21
'1993365398847471822',"Has the market bottomed?!

There is a lot of data that suggests so.... https://t.co/pok9xwV19Y",en,Tweet,60,532,33,84,1037506,2025-11-25 20:05:20,"<a href=""https://studio.twitter.com"" rel=""nofollow"">Twitter Media Studio</a>",,,video,https://video.twimg.com/amplify_video/1993364268092411904/vid/avc1/1920x1080/1MtbgTEFfyt65cxg.mp4?tag=21
'1993343406228357138',"Imagine waking up as a pessimist investor.

You get out of bed to cheer for the destruction of wealth, the rapid loss of jobs, &amp; a decline in the economy.

You make money when lives are ruined &amp; families are put into financial stress.

What a horrible way to make a living.",en,Tweet,23,1146,73,355,97977,2025-11-25 18:37:57,"<a href=""http://twitter.com/download/iphone"" rel=""nofollow"">Twitter for iPhone</a>",,,,
'1993330906300387689',"The team at @cfosilvia is working hard to make the best personal finance product for people trying to grow their assets, investments, and net worth.

It is completely free to use. Sign up here: https://t.co/587F3GzJzR https://t.co/ZAA6fKNVOf",en,Tweet,8,68,8,33,23665,2025-11-25 17:48:17,"<a href=""https://mobile.twitter.com"" rel=""nofollow"">Twitter Web App</a>",,http://www.cfosilvia.com,photo,https://pbs.twimg.com/media/G6m74diWIAEbTI8.png
'1993321006715265075',One of my dream conversations would have been with John F. Kennedy and Ronald Reagan. https://t.co/V8HIyhawUH,en,Tweet,3,243,7,59,103302,2025-11-25 17:08:56,"<a href=""https://mobile.twitter.com"" rel=""nofollow"">Twitter Web App</a>",,,photo,https://pbs.twimg.com/media/G6myRZSWQAA4amr.jpg
'1993315955556991216',I am more bullish today on $OPEN than I was when I first purchased the stock earlier this year.,en,Tweet,18,1214,88,137,106130,2025-11-25 16:48:52,"<a href=""https://mobile.twitter.com"" rel=""nofollow"">Twitter Web App</a>",,,,
'1993315633996742926',Not enough people talk about how homes in America would be more affordable if citizens weren't held hostage by local city councils and their insane regulations.,en,Tweet,13,606,39,70,40810,2025-11-25 16:47:35,"<a href=""https://mobile.twitter.com"" rel=""nofollow"">Twitter Web App</a>",,,,
'1993299177699426713',Innovators don’t worry about imitators,en,Tweet,6,389,31,88,35258,2025-11-25 15:42:12,"<a href=""http://twitter.com/download/iphone"" rel=""nofollow"">Twitter for iPhone</a>",,,,
'1993269870885028113',Good morning. Today is going to be a great day. Let’s get after it relentlessly.,en,Tweet,2,359,19,74,29696,2025-11-25 13:45:45,"<a href=""http://twitter.com/download/iphone"" rel=""nofollow"">Twitter for iPhone</a>",,,,
'1993095247195185644',"If you liked bitcoin at $125,00, you should love it at $89,000.",en,Tweet,23,3374,151,284,126251,2025-11-25 02:11:51,"<a href=""http://twitter.com/download/iphone"" rel=""nofollow"">Twitter for iPhone</a>",,,,
'1993147709772251315',@PeterMallouk 😂❤️,qme,Reply,0,5,0,1,2000,2025-11-25 05:40:19,"<a href=""https://mobile.twitter.com"" rel=""nofollow"">Twitter Web App</a>",,,,
'1993144412155592953',"I remember when @BillAckman bought Google in early 2023 and people were wondering if there was material upside in a large cap tech stock.

The stock is up more than 250% in less than 3 years. https://t.co/XUvh149KRf",en,Tweet,38,1294,50,107,83708,2025-11-25 05:27:13,"<a href=""https://mobile.twitter.com"" rel=""nofollow"">Twitter Web App</a>",,,photo,https://pbs.twimg.com/media/G6kSKFTXsAAEsIs.jpg
'1993135887077851644',"Google is now a $4 trillion company.

They are only the 4th company in human history to reach this milestone.",en,Tweet,12,631,29,80,45769,2025-11-25 04:53:20,"<a href=""https://mobile.twitter.com"" rel=""nofollow"">Twitter Web App</a>",,,,
'1993114475575349636',The New Bad Boys of Wall Street. https://t.co/ae15TPLFIm,en,Tweet,64,1975,104,186,173319,2025-11-25 03:28:15,"<a href=""https://mobile.twitter.com"" rel=""nofollow"">Twitter Web App</a>",,,photo,https://pbs.twimg.com/media/G6j23TqWoAE59ZQ.jpg
'1993135188503830856',@Badie912 @DivesTech @ericjackson @fundstrat @jvisserlabs Feel bad for the podcast microphones after we get done with them @jvisserlabs https://t.co/BFlltUTPhG,en,Reply,2,18,0,1,1863,2025-11-25 04:50:34,"<a href=""https://mobile.twitter.com"" rel=""nofollow"">Twitter Web App</a>",,,photo,https://pbs.twimg.com/media/G6kJx-cWIAALkci.jpg
'1993127319549231584',"I am going on Fox Business tomorrow with @MariaBartiromo at 7:20am EST.

See you there :)",en,Tweet,0,251,9,41,31061,2025-11-25 04:19:18,"<a href=""https://mobile.twitter.com"" rel=""nofollow"">Twitter Web App</a>",,,,
'1993119493284106551',@Badie912 @DivesTech @ericjackson @fundstrat Eric Jackson,en,Reply,2,20,1,4,2588,2025-11-25 03:48:12,"<a href=""http://twitter.com/download/iphone"" rel=""nofollow"">Twitter for iPhone</a>",,,,
'1993115026647818576',@iamjohnbaiano @DivesTech @ericjackson @fundstrat Absolutely. This picture haunts the bears when they lay their head down every night,en,Reply,0,23,2,3,3065,2025-11-25 03:30:27,"<a href=""https://mobile.twitter.com"" rel=""nofollow"">Twitter Web App</a>",,,,
'1993110103491514842',"Rich people use their money to hire teams of talented people to help them make more money.

Accountants, financial planners, lawyers, investment professionals, etc.

The average person can't afford to hire the same team.

But now you don't have to. We built @cfosilvia to give every person on earth access to the same information and insights, but without the hefty price tag.

Silvia is smarter, faster, and cheaper than a human.

She is your new personal financial assistant.

You can sign up for free here: https://t.co/bMI7hLeK8s",en,Tweet,34,102,11,32,25678,2025-11-25 03:10:53,"<a href=""https://mobile.twitter.com"" rel=""nofollow"">Twitter Web App</a>",,,,
'1993031869516874016',"From the Desk of Anthony Pompliano

0:00 The Federal Reserve Is In Crisis
9:09 The Poverty Line Should Be At $130,000?
14:18 Will Bitcoin’s Drawdown Get Worse?

Enjoy! https://t.co/bODc1RW9Ew",en,Tweet,38,175,22,32,28442,2025-11-24 22:00:01,"<a href=""https://studio.twitter.com"" rel=""nofollow"">Twitter Media Studio</a>",,,video,https://video.twimg.com/amplify_video/1993024619779944448/vid/avc1/1920x1080/tTlOe3oVqjwprOE1.mp4?tag=21
'1993020541289083212',"The number of Americans living under the poverty line has continued to shrink for decades.

But what if the data is wrong?

@profplum99 explains why the real poverty line is actually $140,000 per year. https://t.co/juI21LCf99",en,Tweet,176,704,71,60,154414,2025-11-24 21:15:00,"<a href=""https://studio.twitter.com"" rel=""nofollow"">Twitter Media Studio</a>",,,video,https://video.twimg.com/amplify_video/1993008416663465984/vid/avc1/1920x1080/0AsgW5kXNeRa7MQd.mp4?tag=21
'1993012602860191843',@vik_mittal @EraserheadCap https://t.co/1LEWUEUWMq,qme,Reply,0,2,0,2,179,2025-11-24 20:43:27,"<a href=""https://mobile.twitter.com"" rel=""nofollow"">Twitter Web App</a>",,,photo,https://pbs.twimg.com/media/G6iaZQ6WgAAr3XF.jpg
'1993008373655019692',"The Federal Reserve is in crisis.

There is a growing revolt internally.

The implications could touch every corner of finance. https://t.co/f8BkJ2HIUg",en,Tweet,171,1544,169,108,544322,2025-11-24 20:26:39,"<a href=""https://studio.twitter.com"" rel=""nofollow"">Twitter Media Studio</a>",,,video,https://video.twimg.com/amplify_video/1993008084583694336/vid/avc1/1920x1080/VcgNT1RwUu0Byp8F.mp4?tag=21
'1993002828089246001',@fahdananta @araa3185 👀,qme,Reply,0,8,1,0,534,2025-11-24 20:04:37,"<a href=""https://mobile.twitter.com"" rel=""nofollow"">Twitter Web App</a>",,,,
'1992984889768218735',"@robustus @profplum99 @nic__carter If you go back and listen to this debate I did with him 4 years ago, it is even crazier.

But with that said, the piece is very well done. I can disagree with a man but recognize when he does good work.

https://t.co/ksXT4XKcQl",en,Reply,17,56,2,3,23703,2025-11-24 18:53:20,"<a href=""https://mobile.twitter.com"" rel=""nofollow"">Twitter Web App</a>",,https://youtu.be/zA5jnK4v884?si=naiGiwsV1Fpl1_Ic,,
'1992981372676546694',"Jordi Visser (@jvisserlabs) says in six months people are not going to remember the current panic in bitcoin.

Do you agree? https://t.co/X1Oy3b2c5M",en,Tweet,54,1552,81,107,52800,2025-11-24 18:39:21,"<a href=""https://mobile.twitter.com"" rel=""nofollow"">Twitter Web App</a>",,,video,https://video.twimg.com/amplify_video/1992978164000153600/vid/avc1/1920x1080/ONpn5B3fApsJlW-T.mp4?tag=21
'1992950188139561138',"In the last decade, Bitcoin has fallen 30%+ more than 20 times.

Bitcoin has dropped 50% or more on 7 different occasions.

Basically a Global Financial Crisis every year and a half for a decade.

Wall Street is not used to that.

I explained on @SquawkCNBC this morning. https://t.co/euvGQWTrTa",en,Tweet,299,2178,163,189,186066,2025-11-24 16:35:26,"<a href=""https://mobile.twitter.com"" rel=""nofollow"">Twitter Web App</a>",,,video,https://video.twimg.com/amplify_video/1992949701167968256/vid/avc1/1920x1080/gKcSGc-xNFBLrT_-.mp4?tag=21
'1992977279417237690',@Megan7560964546 @SquawkCNBC Where is that from? I don't think I ever said that. Happy to be corrected though.,en,Reply,0,3,0,1,851,2025-11-24 18:23:05,"<a href=""https://mobile.twitter.com"" rel=""nofollow"">Twitter Web App</a>",,,,
'1992956876657766494',"The S&amp;P 500 is down 4% from the all-time high, yet people are acting like we are in a major recession.",en,Tweet,3,731,30,114,61761,2025-11-24 17:02:01,"<a href=""https://mobile.twitter.com"" rel=""nofollow"">Twitter Web App</a>",,,,
'1992924891272855883',"There is major dissent happening inside the Federal Reserve right now.

I break down what is happening in my letter to investors this morning.

Subscribe here to get it in your inbox: https://t.co/29uk453LoP",en,Tweet,14,224,12,68,67915,2025-11-24 14:54:55,"<a href=""http://twitter.com/download/iphone"" rel=""nofollow"">Twitter for iPhone</a>",,http://www.pompletter.com,,
'1992943454322843865',@felipecreate I will publish it in about an hour,en,Reply,0,2,0,0,1030,2025-11-24 16:08:41,"<a href=""http://twitter.com/download/iphone"" rel=""nofollow"">Twitter for iPhone</a>",,,,
'1992924891272855883',"RT @undefined: There is major dissent happening inside the Federal Reserve right now.

I break down what is happening in my letter to investors this morning.

Subscribe here to get it in your inbox: https://t.co/29uk453LoP",en,Retweet,14,224,12,68,67915,2025-11-24 14:54:55,"<a href=""http://twitter.com/download/iphone"" rel=""nofollow"">Twitter for iPhone</a>",,http://www.pompletter.com,,
'1992943275976859997',@MkBlyth Mark can you DM me?,en,Reply,1,3,0,0,18112,2025-11-24 16:07:58,"<a href=""http://twitter.com/download/iphone"" rel=""nofollow"">Twitter for iPhone</a>",,,,
'1992925199591997684',@paoloardoino True,en,Reply,0,15,3,0,1613,2025-11-24 14:56:08,"<a href=""http://twitter.com/download/iphone"" rel=""nofollow"">Twitter for iPhone</a>",,,,
'1992899885675262290',Good morning. Today is going to be a great day. Let’s get after it relentlessly.,en,Tweet,3,725,41,121,42139,2025-11-24 13:15:33,"<a href=""http://twitter.com/download/iphone"" rel=""nofollow"">Twitter for iPhone</a>",,,,
'1992743863849472296',"RT @undefined: Now that society has access to superhuman intelligence, it only makes sense for everyone to apply it to their personal financial situation.

That’s why we built @cfosilvia 

She can help you lower your tax rate, analyze investments, highlight risks in your portfolio, and predict where you will be in a few years.

Smarter, faster, and cheaper than a human.

Sign up for FREE here: https://t.co/bMI7hLeciU",en,Retweet,14,72,11,37,41007,2025-11-24 02:55:35,"<a href=""http://twitter.com/download/iphone"" rel=""nofollow"">Twitter for iPhone</a>",,,,
'1992775930176303460',"Mike Green (@profplum99) and I rarely agree on anything, but this piece he wrote is a must-read for every person in business or finance.

One of those things you read and then can't unsee what you learned.

https://t.co/aNFSkNQAVW",en,Tweet,5134,4004,531,227,916452,2025-11-24 05:03:00,"<a href=""https://mobile.twitter.com"" rel=""nofollow"">Twitter Web App</a>",,https://www.yesigiveafig.com/p/part-1-my-life-is-a-lie?utm_campaign=post&utm_medium=web,,
'1992601756652712041',"RT @undefined: I have written a letter to investors every morning for 7+ years.

It is read by the top hedge fund managers, billionaires, family offices, and sophisticated retail investors. 

More than 270,000 in total.

Takes 5 minutes or less to read.

Subscribe: https://t.co/29uk453LoP",en,Retweet,79,417,18,62,140836,2025-11-23 17:30:54,"<a href=""https://mobile.twitter.com"" rel=""nofollow"">Twitter Web App</a>",,http://www.pompletter.com,,
'1992757456444051959',"I will be on @SquawkCNBC tomorrow morning at 7:50am ET to discuss bitcoin, the recent market volatility, and why the bears will never win.

See you there :)",en,Tweet,7,1054,45,99,64281,2025-11-24 03:49:35,"<a href=""http://twitter.com/download/iphone"" rel=""nofollow"">Twitter for iPhone</a>",,,,
'1992743863849472296',"Now that society has access to superhuman intelligence, it only makes sense for everyone to apply it to their personal financial situation.

That’s why we built @cfosilvia 

She can help you lower your tax rate, analyze investments, highlight risks in your portfolio, and predict where you will be in a few years.

Smarter, faster, and cheaper than a human.

Sign up for FREE here: https://t.co/bMI7hLeciU",en,Tweet,14,72,11,37,41007,2025-11-24 02:55:35,"<a href=""http://twitter.com/download/iphone"" rel=""nofollow"">Twitter for iPhone</a>",,,,
'1992653411628540051',"@charliebilello Now this makes way too much sense for them to ever implement it: ""A formula based on real time data would be highly preferable to their subjective methodology.""

🤝",en,Reply,1,33,1,7,2094,2025-11-23 20:56:09,"<a href=""https://mobile.twitter.com"" rel=""nofollow"">Twitter Web App</a>",,,,
'1992641970095968483',"@charliebilello I agree on all of this. We have almost no air between our views, except inflation right now year-over-year is lower than the government is reporting.

Your comments and that fact can both be true at the same time.",en,Reply,1,21,2,6,2491,2025-11-23 20:10:41,"<a href=""http://twitter.com/download/iphone"" rel=""nofollow"">Twitter for iPhone</a>",,,,
'1992634420197826945',@philrosenn @elonmusk @NanoBanana @GeminiApp 👀,qme,Reply,0,14,0,2,339,2025-11-23 19:40:41,"<a href=""http://twitter.com/download/iphone"" rel=""nofollow"">Twitter for iPhone</a>",,,,
'1992621993993408792',"Truflation is reporting inflation at 2.37% right now.

Much more accurate measurement than the government's CPI metric. https://t.co/6BGz2Llm1T",en,Tweet,63,1569,171,238,191381,2025-11-23 18:51:19,"<a href=""https://mobile.twitter.com"" rel=""nofollow"">Twitter Web App</a>",,,photo,https://pbs.twimg.com/media/G6c3H-6WwAA4nrk.jpg
'1992623722994282751',"@realunclelukke Good thing they don't use deodorant as the only measurement of inflation. I see your deodorant comment and raise you gas prices, which are essentially flat over the last year. https://t.co/Ff9kdiB2DA",en,Reply,0,34,0,15,3127,2025-11-23 18:58:11,"<a href=""https://mobile.twitter.com"" rel=""nofollow"">Twitter Web App</a>",,,photo,https://pbs.twimg.com/media/G6c4nBnWUAAhrst.jpg
'1992623515715944475',"@BTC_broo This is why you see the ""debasement trade"" becoming so popular this year.",en,Reply,1,20,6,4,2430,2025-11-23 18:57:21,"<a href=""https://mobile.twitter.com"" rel=""nofollow"">Twitter Web App</a>",,,,
'1992592150534762909',"Three of the best decisions I have made in the last 5 years were to stop drinking, to get married, and to have children.",en,Tweet,149,4327,152,348,198654,2025-11-23 16:52:43,"<a href=""http://twitter.com/download/iphone"" rel=""nofollow"">Twitter for iPhone</a>",,,,
'1992623276632519118',"@DeepThinkTrader Who cares what anyone else thinks. I am pretty sure you can accuse me of many things, but being anti-social is not one of them :)",en,Reply,0,10,0,0,1869,2025-11-23 18:56:24,"<a href=""https://mobile.twitter.com"" rel=""nofollow"">Twitter Web App</a>",,,,
'1992623045459017979',"@grizzleeman Agree it is crazy, but there are many things that are also down. No one wants $100 sweatpants! But look at something like gas, which is essentially flat over the last year. You have to look at it holistically rather than anecdotally on single product. https://t.co/7OWO7rFB88",en,Reply,0,11,0,14,2263,2025-11-23 18:55:29,"<a href=""https://mobile.twitter.com"" rel=""nofollow"">Twitter Web App</a>",,,photo,https://pbs.twimg.com/media/G6c4GJ3XEAA2viB.jpg
'1992622549365362870',"@SecrFinance @charliebilello The surveys are corrupted by politics, so you can't rely on them. Democrats predict more than 5% inflation moving forward and Republicans predict 1.5% in same timeframe.

Both are wrong. The truth is somewhere in-between.",en,Reply,0,1,0,2,169,2025-11-23 18:53:31,"<a href=""https://mobile.twitter.com"" rel=""nofollow"">Twitter Web App</a>",,,,
'1992622247643865443',"@IsidroF86125547 @charliebilello Inflation started the year at over 3%. Today it is 2.37%.

Doesn't mean we have deflation, just means the rate of growth is lower than it was at the start of the year.",en,Reply,0,2,0,3,206,2025-11-23 18:52:19,"<a href=""https://mobile.twitter.com"" rel=""nofollow"">Twitter Web App</a>",,,,
'1992621818075922454',"@charliebilello You are moving the goal posts. I am talking about right now, you are talking about 5 years in the rearview mirror. 

Agree inflation was higher in the past than reported, but inflation is now lower than reported. Truflation has it at 2.37% at the moment for example. https://t.co/LaDMfpGnnq",en,Reply,3,40,1,8,3244,2025-11-23 18:50:37,"<a href=""https://mobile.twitter.com"" rel=""nofollow"">Twitter Web App</a>",,,photo,https://pbs.twimg.com/media/G6c2-ySWAAAxZG5.jpg
'1992621225869537776',@JadComair Or maybe I am sharing it because I hope other people realize they can pursue a similar path without judgement from others.,en,Reply,0,105,0,3,3302,2025-11-23 18:48:16,"<a href=""https://mobile.twitter.com"" rel=""nofollow"">Twitter Web App</a>",,,,
'1992617363305627950',A company is more likely to die from irrelevance than from too much scrutiny.,en,Tweet,3,222,11,49,31916,2025-11-23 18:32:55,"<a href=""https://mobile.twitter.com"" rel=""nofollow"">Twitter Web App</a>",,,,
'1992608978384420890',@WAGMIKNJ You won't regret it.,en,Reply,0,23,0,3,2999,2025-11-23 17:59:35,"<a href=""https://mobile.twitter.com"" rel=""nofollow"">Twitter Web App</a>",,,,
'1992608576796242420',Great advice from @shaneparrish https://t.co/JoBXwjzsC7,en,Tweet,207,545,43,41,39317,2025-11-23 17:58:00,"<a href=""https://mobile.twitter.com"" rel=""nofollow"">Twitter Web App</a>",,,photo,https://pbs.twimg.com/media/G6clla6W8AAwPnm.png
'1992607725109563395',@teddyfuse the GOAT,en,Reply,0,1,0,2,237,2025-11-23 17:54:37,"<a href=""https://mobile.twitter.com"" rel=""nofollow"">Twitter Web App</a>",,,,
'1992601756652712041',"I have written a letter to investors every morning for 7+ years.

It is read by the top hedge fund managers, billionaires, family offices, and sophisticated retail investors. 

More than 270,000 in total.

Takes 5 minutes or less to read.

Subscribe: https://t.co/29uk453LoP",en,Tweet,79,417,18,62,140836,2025-11-23 17:30:54,"<a href=""https://mobile.twitter.com"" rel=""nofollow"">Twitter Web App</a>",,http://www.pompletter.com,,
'1992603504842805735',@VanHoVibes I have changed my mind on many things over time.,en,Reply,0,5,0,1,3552,2025-11-23 17:37:50,"<a href=""https://mobile.twitter.com"" rel=""nofollow"">Twitter Web App</a>",,,,
'1992597819874820427',@ericjackson 🙏,qme,Reply,0,12,0,4,1404,2025-11-23 17:15:15,"<a href=""https://mobile.twitter.com"" rel=""nofollow"">Twitter Web App</a>",,,,
'1992578978176225418',Worth reading. https://t.co/qU07uMWKlj,en,Tweet,670,1008,72,58,100472,2025-11-23 16:00:23,"<a href=""http://twitter.com/download/iphone"" rel=""nofollow"">Twitter for iPhone</a>",,,photo,https://pbs.twimg.com/media/G6cQBPMXsAAd773.jpg
'1992420607523496027',"Carl Icahn, the master deal maker. https://t.co/wO0riAJ8dx",en,Tweet,328,671,85,63,88406,2025-11-23 05:31:04,"<a href=""http://twitter.com/download/iphone"" rel=""nofollow"">Twitter for iPhone</a>",,,photo,https://pbs.twimg.com/media/G6Z_-pcWcAEEbEl.jpg
'1992555712627851617',@TradeDeskNow This came from Masters of the Universe,en,Reply,8,15,0,1,1098,2025-11-23 14:27:56,"<a href=""http://twitter.com/download/iphone"" rel=""nofollow"">Twitter for iPhone</a>",,,,
'1992555639374237839',@tradeuplevelup 🙏🏼,qme,Reply,0,0,0,1,835,2025-11-23 14:27:38,"<a href=""http://twitter.com/download/iphone"" rel=""nofollow"">Twitter for iPhone</a>",,,,
'1992350962531320188',"RT @undefined: I sat down with @jvisserlabs this week to unpack the latest market pullback, including why prices are dropping, why investor fear has spiked, and whether this is the start of a bear market or simply a healthy correction. 

We also break down asset performance, where Jordi sees opportunity, and the signals that could mark a reversal.

Enjoy!

YouTube: https://t.co/9z8zHXJEwg
Spotify: https://t.co/vfhK1XaefE
Apple: https://t.co/D0dqEC5Oye 

TIMESTAMPS:
0:00 - Intro
0:54 - Why is fear spiking? What’s driving the sell-off?
4:57 - Expectations vs. reality + seasonality trend
9:31 - Nvidia beats… so why did markets still sell off?
13:22 – Is Bitcoin’s 30–35% drawdown normal?
18:24 - Why this sell-off feels different
23:48 - Fed December rate cut, jobs data, & midterms
29:34 - What signals would mark a real market reversal?
33:12 - AI, leverage, and private credit
37:44 - Innovation drives the market long-term
44:26 - Thanksgiving break announcement",en,Retweet,130,391,46,67,114235,2025-11-23 00:54:20,"<a href=""https://mobile.twitter.com"" rel=""nofollow"">Twitter Web App</a>",,,video,https://video.twimg.com/amplify_video/1992348881581916160/vid/avc1/1920x1080/hXhSLo-IA9k8_9vv.mp4?tag=21
'1992392305400221705',@iamjohnbaiano @MadMoneyOnCNBC @Opendoor @jimcramer @ericjackson @CanadaKaz company will make money and Jim will be a believer,en,Reply,1,22,5,5,550,2025-11-23 03:38:37,"<a href=""https://mobile.twitter.com"" rel=""nofollow"">Twitter Web App</a>",,,,
'1992043828484653223',"RT @undefined: If you want a financial assistant that is smarter, faster, and cheaper than a human…check out @cfosilvia 

You can sign up for free here: https://t.co/587F3GzJzR",en,Retweet,27,125,21,74,57956,2025-11-22 04:33:53,"<a href=""http://twitter.com/download/iphone"" rel=""nofollow"">Twitter for iPhone</a>",,http://www.cfosilvia.com,,
'1992350962531320188',"I sat down with @jvisserlabs this week to unpack the latest market pullback, including why prices are dropping, why investor fear has spiked, and whether this is the start of a bear market or simply a healthy correction. 

We also break down asset performance, where Jordi sees opportunity, and the signals that could mark a reversal.

Enjoy!

YouTube: https://t.co/9z8zHXJEwg
Spotify: https://t.co/vfhK1XaefE
Apple: https://t.co/D0dqEC5Oye 

TIMESTAMPS:
0:00 - Intro
0:54 - Why is fear spiking? What’s driving the sell-off?
4:57 - Expectations vs. reality + seasonality trend
9:31 - Nvidia beats… so why did markets still sell off?
13:22 – Is Bitcoin’s 30–35% drawdown normal?
18:24 - Why this sell-off feels different
23:48 - Fed December rate cut, jobs data, & midterms
29:34 - What signals would mark a real market reversal?
33:12 - AI, leverage, and private credit
37:44 - Innovation drives the market long-term
44:26 - Thanksgiving break announcement",en,Tweet,130,391,46,67,114235,2025-11-23 00:54:20,"<a href=""https://mobile.twitter.com"" rel=""nofollow"">Twitter Web App</a>",,,video,https://video.twimg.com/amplify_video/1992348881581916160/vid/avc1/1920x1080/hXhSLo-IA9k8_9vv.mp4?tag=21
'1992304048679338086',@CanadaKaz @Opendoor 🔥🔥,qme,Reply,0,16,2,0,1386,2025-11-22 21:47:55,"<a href=""http://twitter.com/download/iphone"" rel=""nofollow"">Twitter for iPhone</a>",,,,
'1992304008355250203',"It should be illegal to put your Christmas tree up before Thanksgiving.

Can’t disrespect another holiday like that.",en,Tweet,5,910,53,230,140971,2025-11-22 21:47:45,"<a href=""http://twitter.com/download/iphone"" rel=""nofollow"">Twitter for iPhone</a>",,,,
'1992217187986121093',"What was the best thing you read, watched, or listened to this week?      

Any topic is fair game.",en,Tweet,31,226,12,208,67248,2025-11-22 16:02:45,"<a href=""http://twitter.com/download/iphone"" rel=""nofollow"">Twitter for iPhone</a>",,,,
'1992043828484653223',"If you want a financial assistant that is smarter, faster, and cheaper than a human…check out @cfosilvia 

You can sign up for free here: https://t.co/587F3GzJzR",en,Tweet,27,125,21,74,57956,2025-11-22 04:33:53,"<a href=""http://twitter.com/download/iphone"" rel=""nofollow"">Twitter for iPhone</a>",,http://www.cfosilvia.com,,
'1992065697049202994',@cukyn1812 @cfosilvia Send feedback after you get set up,en,Reply,0,14,5,1,254,2025-11-22 06:00:47,"<a href=""http://twitter.com/download/iphone"" rel=""nofollow"">Twitter for iPhone</a>",,,,
'1992065624877785430',@buckejit030164 @cfosilvia You are using Plaid or other third party connection when you connect an account. We can’t act on your behalf and your data is encrypted and anonymized on Silvia platform.,en,Reply,0,10,3,3,257,2025-11-22 06:00:30,"<a href=""http://twitter.com/download/iphone"" rel=""nofollow"">Twitter for iPhone</a>",,,,
'1992065440651280829',@x3ideRaven @cfosilvia We don’t sell any fat. We will add premium features over time but our goal is to keep the core product free forever.,en,Reply,0,6,2,1,362,2025-11-22 05:59:46,"<a href=""http://twitter.com/download/iphone"" rel=""nofollow"">Twitter for iPhone</a>",,,,
'1992065310665654542',"@PaulJohnMas @cfosilvia We have a dedicated page on the website explaining it. What questions do you have? I am pretty sure I have answered it a bunch of times in the comments over the last 2-3 months too. 

Happy to answer whatever questions you have.",en,Reply,0,12,4,2,208,2025-11-22 05:59:15,"<a href=""http://twitter.com/download/iphone"" rel=""nofollow"">Twitter for iPhone</a>",,,,
'1991957812658995289',@Chad_Nelson_ It is crazy how good you guys are at this stuff,en,Reply,0,5,0,2,645,2025-11-21 22:52:05,"<a href=""http://twitter.com/download/iphone"" rel=""nofollow"">Twitter for iPhone</a>",,,,
'1991945960990167066',"From the Desk of Anthony Pompliano

0:00 There is Blood in the Streets Across the Stock Market
5:07 Elon Musk: AI &amp; Humanoid Robots will Eliminate Poverty
8:40 Bitcoin Continues to Crash as Sentiment Goes Lower

Enjoy! https://t.co/Qjz63KZDkm",en,Tweet,28,159,19,54,35918,2025-11-21 22:05:00,"<a href=""https://studio.twitter.com"" rel=""nofollow"">Twitter Media Studio</a>",,,video,https://video.twimg.com/amplify_video/1991937534813704192/vid/avc1/1920x1080/OXyj3pTqvt-nIZUZ.mp4?tag=21
'1991934636122108002',"We just saw the lowest reading on the Bitcoin Fear and Greed Index in history.

Lower than FTX and COVID.

But the true believers are getting excited because their favorite asset is now on sale. https://t.co/tszpZr3VjZ",en,Tweet,1041,12550,1015,281,803336,2025-11-21 21:20:00,"<a href=""https://studio.twitter.com"" rel=""nofollow"">Twitter Media Studio</a>",,,video,https://video.twimg.com/amplify_video/1991927994450079744/vid/avc1/1920x1080/v00PKTRVcoabHFDG.mp4?tag=21
'1991922053092425806',"Never, ever bet against Elon Musk.

He is an inspiration to an entire generation on what it means to work hard and solve large scale problems. https://t.co/aeMmYD8sUa",en,Tweet,22,491,46,63,35780,2025-11-21 20:30:00,"<a href=""https://studio.twitter.com"" rel=""nofollow"">Twitter Media Studio</a>",,,video,https://video.twimg.com/amplify_video/1991919083592265728/vid/avc1/1920x1080/b5F-f8RnGWcuVOTU.mp4?tag=21
'1991907057100841278',"There is blood in the streets.

Stocks are falling, investors are panicking, and the bears are celebrating.

But maybe that is right when the GOAT investors are investing? https://t.co/VvfI4Ke80A",en,Tweet,76,1045,81,201,1010595,2025-11-21 19:30:24,"<a href=""https://studio.twitter.com"" rel=""nofollow"">Twitter Media Studio</a>",,,video,https://video.twimg.com/amplify_video/1991905909367623680/vid/avc1/1920x1080/px2WglZE-tQEEgcl.mp4?tag=21
'1991905112055316633',Retweet if you don't care how low bitcoin's price goes because you are holding forever.,en,Tweet,45,4903,1290,490,242966,2025-11-21 19:22:41,"<a href=""https://mobile.twitter.com"" rel=""nofollow"">Twitter Web App</a>",,,,
'1991886069848256600',The Fed should cut rates 50 basis points in December.,en,Tweet,31,4361,285,500,496425,2025-11-21 18:07:01,"<a href=""http://twitter.com/download/iphone"" rel=""nofollow"">Twitter for iPhone</a>",,,,
'1991878290915893513',"What if the bitcoin bull market is not actually over?

Not saying we can avoid a bear market, but I always wonder if the opposite is true once the market reaches consensus on where we are headed.

Time will tell.",en,Tweet,7,764,33,198,55672,2025-11-21 17:36:06,"<a href=""https://mobile.twitter.com"" rel=""nofollow"">Twitter Web App</a>",,,,
'1991876666751348857',Morale will improve when prices go back up. https://t.co/RCRmHrEmKG,en,Tweet,9,874,53,140,44641,2025-11-21 17:29:39,"<a href=""https://mobile.twitter.com"" rel=""nofollow"">Twitter Web App</a>",,,photo,https://pbs.twimg.com/media/G6SROkNXMAA9aML.jpg
'1991860220990239018',"The Nasdaq is up 15% year-to-date and people are acting like the world is ending.

Insane.",en,Tweet,9,1156,58,177,73874,2025-11-21 16:24:18,"<a href=""https://mobile.twitter.com"" rel=""nofollow"">Twitter Web App</a>",,,,
'1991839990217900257',@PEoperator 🔥,qme,Reply,0,6,2,0,352,2025-11-21 15:03:54,"<a href=""http://twitter.com/download/iphone"" rel=""nofollow"">Twitter for iPhone</a>",,,,
'1991830661012095267',Good morning. Today is going to be a great day. Let’s get after it relentlessly.,en,Tweet,4,699,30,132,43995,2025-11-21 14:26:50,"<a href=""http://twitter.com/download/iphone"" rel=""nofollow"">Twitter for iPhone</a>",,,,
'1991639024763555849',"RT @undefined: Rich people hire teams of people to help them better understand their financial situation.

Accountants, lawyers, tax professionals, and investment teams.

The average person can't afford to hire the same teams, but now they don't have to thanks to artificial intelligence.

We built @cfosilvia to give everyone access to superhuman intelligence specifically focused on their personal finance situation.

Smarter, faster, and cheaper than a human.

Sign up for free here: https://t.co/bMI7hLeciU",en,Retweet,76,175,17,49,79906,2025-11-21 01:45:21,"<a href=""https://mobile.twitter.com"" rel=""nofollow"">Twitter Web App</a>",,,,
'1991698606945116544',"Stairs on the way up, elevator on the way down.",en,Tweet,11,1094,43,115,68477,2025-11-21 05:42:06,"<a href=""https://mobile.twitter.com"" rel=""nofollow"">Twitter Web App</a>",,,,
'1991697734538260542',Everyone wants volatility until it goes against them.,en,Tweet,12,1367,77,139,68089,2025-11-21 05:38:38,"<a href=""https://mobile.twitter.com"" rel=""nofollow"">Twitter Web App</a>",,,,
'1991692729278165061',True. https://t.co/owPyRRrnux,en,Tweet,870,11082,1094,296,463366,2025-11-21 05:18:45,"<a href=""https://mobile.twitter.com"" rel=""nofollow"">Twitter Web App</a>",,,photo,https://pbs.twimg.com/media/G6Pp7BnW4AAqrsl.jpg
'1991692923029926132',"This is from my first book, How To Live An Extraordinary Life.

You can pick up a copy here: https://t.co/2SqFCcg323",en,Reply,17,36,7,9,27186,2025-11-21 05:19:31,"<a href=""https://mobile.twitter.com"" rel=""nofollow"">Twitter Web App</a>",,https://www.amazon.com/Live-Extraordinary-Life-Anthony-Pompliano/dp/0857199927/,,
'1991671431923478545',"The fear and greed index is now at 6.

I don't think I have ever seen it this low.

BULLISH. https://t.co/Bznf7KLJ4D",en,Tweet,495,13429,1316,1037,779419,2025-11-21 03:54:07,"<a href=""https://mobile.twitter.com"" rel=""nofollow"">Twitter Web App</a>",,,photo,https://pbs.twimg.com/media/G6PWlqRWMAAHR2P.jpg
'1991668323679920182',@intangiblecoins @PubKey @SecScottBessent Love to see it. @tpacchia and team are doing an excellent job,en,Reply,0,40,1,1,3621,2025-11-21 03:41:46,"<a href=""https://mobile.twitter.com"" rel=""nofollow"">Twitter Web App</a>",,,,
'1991665352963682437',"The stock market is full of short term speculators who constantly sell to long term compounders.

The former funds the dreams of the latter.",en,Tweet,20,617,51,62,45562,2025-11-21 03:29:58,"<a href=""http://twitter.com/download/iphone"" rel=""nofollow"">Twitter for iPhone</a>",,,,
'1991628661129388342',Bitcoin is going down because there are more sellers than buyers.,en,Tweet,61,3875,203,1195,424681,2025-11-21 01:04:10,"<a href=""https://mobile.twitter.com"" rel=""nofollow"">Twitter Web App</a>",,,,
'1991639148596543567',@emdextreme31 @vikrantnyc 😂❤️,qme,Reply,0,10,2,2,797,2025-11-21 01:45:50,"<a href=""https://mobile.twitter.com"" rel=""nofollow"">Twitter Web App</a>",,,,
'1991639024763555849',"Rich people hire teams of people to help them better understand their financial situation.

Accountants, lawyers, tax professionals, and investment teams.

The average person can't afford to hire the same teams, but now they don't have to thanks to artificial intelligence.

We built @cfosilvia to give everyone access to superhuman intelligence specifically focused on their personal finance situation.

Smarter, faster, and cheaper than a human.

Sign up for free here: https://t.co/bMI7hLeciU",en,Tweet,76,175,17,49,79906,2025-11-21 01:45:21,"<a href=""https://mobile.twitter.com"" rel=""nofollow"">Twitter Web App</a>",,,,
'1991500390802817485',"The market is telling you something…are you listening?

I sat down with @philrosenn to unpack a bunch of unique charts to better understand what is happening in the market. https://t.co/GgQ7AG4Rw3",en,Tweet,104,307,46,69,532940,2025-11-20 16:34:28,"<a href=""https://studio.twitter.com"" rel=""nofollow"">Twitter Media Studio</a>",,,video,https://video.twimg.com/amplify_video/1991499648515612672/vid/avc1/1920x1080/e1g7LhoYjmpvwaBO.mp4?tag=21
'1991490657542894013',"The market will shatter your understanding of the world as soon as you think you have it figured out.

One of the undeniable laws of the universe.",en,Tweet,6,633,44,101,44083,2025-11-20 15:55:47,"<a href=""http://twitter.com/download/iphone"" rel=""nofollow"">Twitter for iPhone</a>",,,,
'1991481685050028313',We are in a generational bull market because our central bank and politicians can never stop printing money.,en,Tweet,30,1546,105,178,95056,2025-11-20 15:20:08,"<a href=""http://twitter.com/download/iphone"" rel=""nofollow"">Twitter for iPhone</a>",,,,
'1991468832842740036',Good morning. Today is going to be a great day. Let’s get after it relentlessly.,en,Tweet,4,541,22,79,39624,2025-11-20 14:29:04,"<a href=""http://twitter.com/download/iphone"" rel=""nofollow"">Twitter for iPhone</a>",,,,
'1991283352259657902',"Right when the panicans were ready to start celebrating today, victory was ripped out of their hands by a man wearing a leather jacket.",en,Tweet,14,1002,71,164,71974,2025-11-20 02:12:02,"<a href=""http://twitter.com/download/iphone"" rel=""nofollow"">Twitter for iPhone</a>",,,,
'1991281946236788959',@ericjackson 😂,qme,Reply,0,69,7,14,13856,2025-11-20 02:06:26,"<a href=""http://twitter.com/download/iphone"" rel=""nofollow"">Twitter for iPhone</a>",,,,
'1991238670460838061',"People have been betting against me for my entire career.

But they don't realize there is no better motivation than proving a doubter wrong.",en,Tweet,32,1644,72,157,106947,2025-11-19 23:14:29,"<a href=""https://mobile.twitter.com"" rel=""nofollow"">Twitter Web App</a>",,,,
'1991281769958502414',@founderwithadhd ❤️,qme,Reply,0,16,3,1,1005,2025-11-20 02:05:44,"<a href=""http://twitter.com/download/iphone"" rel=""nofollow"">Twitter for iPhone</a>",,,,
'1991264863541186690',"People really thought superhuman intelligence was a bubble.

Unreal.",en,Tweet,32,1500,85,170,72727,2025-11-20 00:58:34,"<a href=""http://twitter.com/download/iphone"" rel=""nofollow"">Twitter for iPhone</a>",,,,
'1991263254144766202',"@DivesTech You were right, Dan. Great work for you and your team.",en,Reply,0,129,9,6,17059,2025-11-20 00:52:10,"<a href=""http://twitter.com/download/iphone"" rel=""nofollow"">Twitter for iPhone</a>",,,,
'1991262386062287017',"It can’t be an AI bubble when the key player is saying they can’t keep up with demand and they keep raising their earnings forecast.

The pessimists are wrong once again!",en,Tweet,61,2301,169,277,119030,2025-11-20 00:48:43,"<a href=""http://twitter.com/download/iphone"" rel=""nofollow"">Twitter for iPhone</a>",,,,
'1991262120860623314',"Nvidia beats.

Recession is cancelled.",en,Tweet,91,7276,350,391,362057,2025-11-20 00:47:40,"<a href=""http://twitter.com/download/iphone"" rel=""nofollow"">Twitter for iPhone</a>",,,,
'1991233093156450529',"@thealepalombo @bitizenship This is awesome - congratulations on the launch. 

Italy is the second best country behind America :) 🇺🇸🇮🇹",en,Reply,0,14,1,2,908,2025-11-19 22:52:19,"<a href=""https://mobile.twitter.com"" rel=""nofollow"">Twitter Web App</a>",,,,
'1991231670448435223',"It is hilarious that the BLS says they won't release October data because the government shut down.

If they used software to capture real-time data, they would be able to report data every day even if no one went to their office.

Entire thing is antiquated and needs to go.",en,Tweet,12,764,63,78,64015,2025-11-19 22:46:40,"<a href=""https://mobile.twitter.com"" rel=""nofollow"">Twitter Web App</a>",,,,
'1991224887927513463',@jespow @arjunsethi @krakenfx 🔥,qme,Reply,0,11,2,2,1480,2025-11-19 22:19:43,"<a href=""http://twitter.com/download/iphone"" rel=""nofollow"">Twitter for iPhone</a>",,,,
'1991215514916380967',"The lower the fear index goes now, the higher assets go later.",en,Tweet,33,2099,139,151,93037,2025-11-19 21:42:28,"<a href=""http://twitter.com/download/iphone"" rel=""nofollow"">Twitter for iPhone</a>",,,,
'1991201682428944594',"Remember when people were predicting the new economic policies were going to crater the US economy?

Those people are very quiet right now…",en,Tweet,17,319,34,105,68945,2025-11-19 20:47:30,"<a href=""http://twitter.com/download/iphone"" rel=""nofollow"">Twitter for iPhone</a>",,,,
'1991187038679306338',@B_Sinc1 @Fxhedgers 😂 at least they started trying to build it,en,Reply,0,3,0,1,232,2025-11-19 19:49:19,"<a href=""http://twitter.com/download/iphone"" rel=""nofollow"">Twitter for iPhone</a>",,,,
'1991180068601872626',"Joseph Wang (@FedGuy12) breaks down how the Fed operates, how they make decisions, and how accurate the data is that the central bank uses.

This is one of the best conversations I have had in a long time. 

Enjoy! https://t.co/dSJGcY8p3R",en,Tweet,346,521,70,37,299489,2025-11-19 19:21:37,"<a href=""https://studio.twitter.com"" rel=""nofollow"">Twitter Media Studio</a>",,,video,https://video.twimg.com/amplify_video/1991178455665573888/vid/avc1/1920x1080/GqoUvmXlhUWJKOMv.mp4?tag=21
'1991147540176089549',The Federal Reserve should cut interest rates in December.,en,Tweet,7,1823,93,191,87836,2025-11-19 17:12:21,"<a href=""http://twitter.com/download/iphone"" rel=""nofollow"">Twitter for iPhone</a>",,,,
'1991136826539602158',"A big reason why some Americans fall behind financially is they don't have access to the best financial information and insights.

That is why we built @cfosilvia. 

Silvia is an AI-powered financial assistant that gives you personalized insights on your portfolio.

Smart. Fast. And completely free.

Silvia was built by investors, for investors.

Get the insights you deserve.

Use modern technology.

Sign up for Silvia here: https://t.co/bMI7hLeciU",en,Tweet,10,72,13,36,25736,2025-11-19 16:29:47,"<a href=""https://mobile.twitter.com"" rel=""nofollow"">Twitter Web App</a>",,,,
'1991092638024712378',Good morning. Today is going to be a great day. Let’s get after it relentlessly.,en,Tweet,2,547,25,110,40813,2025-11-19 13:34:12,"<a href=""http://twitter.com/download/iphone"" rel=""nofollow"">Twitter for iPhone</a>",,,,
'1990959245089505652',"Too many people want to sit at the gambling table and not enough investors want to chill in the Long Term Lounge.

I explained to @JohnPompliano what the difference is, along with how I think about buying assets, selling assets, and what is going on with bitcoin right now.

Enjoy!

YouTube: https://t.co/xA0oYA2ynR
Apple: https://t.co/3gpeh9Mrqq
Spotify: https://t.co/AhfIlZanXE

TIMESTAMPS:
0:00 - Intro
0:23 – Bitcoin: what is going on?
7:37 - Comparing past cycles & long-term lounge mindset
12:31 - Thinking though macro, liquidity, & gold
17:24 - How average investors should think about bitcoin
29:44 - Thinking through volatility & investing strategies
35:57 - Will bitcoin be above or below $90K at end of the year?",en,Tweet,51,237,30,57,43562,2025-11-19 04:44:08,"<a href=""https://mobile.twitter.com"" rel=""nofollow"">Twitter Web App</a>",,,video,https://video.twimg.com/amplify_video/1990958551297060864/vid/avc1/1920x1080/1L0ZNWqZlydrg3XN.mp4?tag=21
'1990957968527917411',"@arjunsethi @krakenfx Congratulations - great to see you, @jespow and the Kraken team continuing to do such a great job.",en,Reply,0,12,1,2,670,2025-11-19 04:39:04,"<a href=""https://mobile.twitter.com"" rel=""nofollow"">Twitter Web App</a>",,,,
'1990928924113789399',@CanadaKaz Love to see it. Great work.,en,Reply,1,34,2,0,1664,2025-11-19 02:43:39,"<a href=""https://mobile.twitter.com"" rel=""nofollow"">Twitter Web App</a>",,,,
'1990897169356783755',"The money printer is coming.

$BRR https://t.co/6o5aGKj6F3",en,Tweet,43,2382,254,200,112671,2025-11-19 00:37:28,"<a href=""http://twitter.com/download/iphone"" rel=""nofollow"">Twitter for iPhone</a>",,,photo,https://pbs.twimg.com/media/G6EWa-1XAAAn5kB.jpg
'1990893359171297385',"From the Desk of Anthony Pompliano

0:00 Bitcoin Crashes Below $90k
3:19 Investor Sentiment Is Tanking, Assets Are Following
7:31 America Needs To Be The World’s Dominant Tech Power

Enjoy! https://t.co/rF4jgtczT2",en,Tweet,14,161,24,40,31456,2025-11-19 00:22:20,"<a href=""https://studio.twitter.com"" rel=""nofollow"">Twitter Media Studio</a>",,,video,https://video.twimg.com/amplify_video/1990893096196845568/vid/avc1/1920x1080/IKbeXZYE_gxeC8__.mp4?tag=21
'1990889657819660629',"Great book by @natbrunell 

Highly recommend checking it out. https://t.co/qkALDUgzWw",en,Tweet,109,1156,94,82,64919,2025-11-19 00:07:38,"<a href=""http://twitter.com/download/iphone"" rel=""nofollow"">Twitter for iPhone</a>",,,photo,https://pbs.twimg.com/media/G6EPl2_X0AAUlQU.jpg
'1990878532579344569',The founding fathers were such badasses. https://t.co/XyQq61LYQp,en,Tweet,9,565,33,62,38561,2025-11-18 23:23:25,"<a href=""https://mobile.twitter.com"" rel=""nofollow"">Twitter Web App</a>",,,photo,https://pbs.twimg.com/media/G6EFdrmXcAAGknU.png
'1990869668437938445',@Scaramucci 👀,qme,Reply,0,2,1,1,1174,2025-11-18 22:48:12,"<a href=""https://mobile.twitter.com"" rel=""nofollow"">Twitter Web App</a>",,,,
'1990846765361168460',"Palantir's Alex Karp is right.

The US must be the dominant technological power if we want to protect the West. https://t.co/64VNnm9C1s",en,Tweet,14,250,26,34,63267,2025-11-18 21:17:11,"<a href=""https://studio.twitter.com"" rel=""nofollow"">Twitter Media Studio</a>",,,video,https://video.twimg.com/amplify_video/1990845943411777536/vid/avc1/1920x1080/nY2VvizPf3qBth_u.mp4?tag=21
'1990821466934239682',"Investor sentiment is tanking and asset prices are following.

This is due to a crack in the AI narrative, bad jobs data, and negative commentary from Fed officials.

The uncertainty never stops. https://t.co/Oe8JbC43we",en,Tweet,1075,12513,891,206,44563,2025-11-18 19:36:40,"<a href=""https://studio.twitter.com"" rel=""nofollow"">Twitter Media Studio</a>",,,video,https://video.twimg.com/amplify_video/1990821108673646593/vid/avc1/1920x1080/k1gmrxt9fyPgbAMU.mp4?tag=21
'1990806561191575967',"The Great White Shark @stoolpresidente is buying bitcoin and you are scared?

Couldn’t be me.",en,Tweet,34,1162,52,187,162301,2025-11-18 18:37:26,"<a href=""http://twitter.com/download/iphone"" rel=""nofollow"">Twitter for iPhone</a>",,,,
'1990805884205777334',Here are 5 charts to explain what is happening with bitcoin. https://t.co/kH1FT1eKW0,en,Tweet,197,659,77,65,670614,2025-11-18 18:34:44,"<a href=""https://studio.twitter.com"" rel=""nofollow"">Twitter Media Studio</a>",,,video,https://video.twimg.com/amplify_video/1990805511361421312/vid/avc1/1920x1080/lpM87wh12fy-KqVy.mp4?tag=21
'1990800654252847312',@AdamSingolda @BangkokPostNews 👀,qme,Reply,0,4,1,0,163,2025-11-18 18:13:57,"<a href=""https://mobile.twitter.com"" rel=""nofollow"">Twitter Web App</a>",,,,
'1990800577824206983',There are thousands of people who are terminally online that genuinely have no clue what to do with their time when X goes offline.,en,Tweet,3,284,19,80,30482,2025-11-18 18:13:39,"<a href=""https://mobile.twitter.com"" rel=""nofollow"">Twitter Web App</a>",,,,
'1990790769557610911',Long term investors shouldn't take advice from short term speculators.,en,Tweet,25,1431,144,163,67414,2025-11-18 17:34:41,"<a href=""https://mobile.twitter.com"" rel=""nofollow"">Twitter Web App</a>",,,,
'1990765752757202996',"These two stories are 20 blocks apart.

You see the K-shaped economy everywhere you look. https://t.co/gRVs5j0Fy1",en,Tweet,2,72,7,22,30731,2025-11-18 15:55:16,"<a href=""https://mobile.twitter.com"" rel=""nofollow"">Twitter Web App</a>",,,photo,https://pbs.twimg.com/media/G6Ce2mpWAAAjJb1.jpg
'1990755190463770746',This man determines the global stock market direction for the next few weeks... https://t.co/3TOtfimDOU,en,Tweet,10,575,40,73,51721,2025-11-18 15:13:18,"<a href=""https://mobile.twitter.com"" rel=""nofollow"">Twitter Web App</a>",,,photo,https://pbs.twimg.com/media/G6CVK7MXoAAUs4s.jpg
'1990725042871665103',Good morning. Today is going to be a great day. Let’s get after it relentlessly.,en,Tweet,6,571,23,91,38371,2025-11-18 13:13:30,"<a href=""http://twitter.com/download/iphone"" rel=""nofollow"">Twitter for iPhone</a>",,,,
'1990595721507320123',Bitcoin's management team should quickly announce a partnership with NVIDIA to get people excited again. 😂,en,Tweet,12,1128,48,144,71303,2025-11-18 04:39:38,"<a href=""https://mobile.twitter.com"" rel=""nofollow"">Twitter Web App</a>",,,,
'1990571048795050238',@polinapompliano @saquon 🔥,qme,Reply,0,10,0,1,856,2025-11-18 03:01:35,"<a href=""http://twitter.com/download/iphone"" rel=""nofollow"">Twitter for iPhone</a>",,,,
'1990476276587782399',"From the Desk of Anthony Pompliano

0:00 Market Sell-Off: Is The Bull Market Over?
8:30 Jordi Visser Tells Which Asset Class To Invest In
10:58 Congressman Ro Khanna Calls For AI Regulations

Enjoy! https://t.co/CmmLPXeOWm",en,Tweet,27,123,27,30,32245,2025-11-17 20:45:00,"<a href=""https://studio.twitter.com"" rel=""nofollow"">Twitter Media Studio</a>",,,video,https://video.twimg.com/amplify_video/1990452543923642368/vid/avc1/1920x1080/J2ZWw-k-0k6R9N9o.mp4?tag=21
'1990473289417044216',@eglyman Let’s go!! 🔥🔥,en,Reply,1,16,0,2,2018,2025-11-17 20:33:08,"<a href=""http://twitter.com/download/iphone"" rel=""nofollow"">Twitter for iPhone</a>",,,,
'1990472627924988377',@public This is really cool,en,Reply,0,17,0,0,1956,2025-11-17 20:30:30,"<a href=""http://twitter.com/download/iphone"" rel=""nofollow"">Twitter for iPhone</a>",,,,
'1990462435317461308',"A politician in California wants to ban private companies from using AI to drive profits.

This is absolutely insane. https://t.co/MHHjtR1jgv",en,Tweet,8,205,27,73,38051,2025-11-17 19:50:00,"<a href=""https://studio.twitter.com"" rel=""nofollow"">Twitter Media Studio</a>",,,video,https://video.twimg.com/amplify_video/1990444574234247168/vid/avc1/1920x1080/MKV3P3tRE0p6fqFB.mp4?tag=21
'1990451110918881791',Jordi Visser (@jvisserlabs) explains the two big investment themes he believes will have asymmetry over the next few years. https://t.co/6giZfKDzBK,en,Tweet,99,339,36,39,58383,2025-11-17 19:05:00,"<a href=""https://studio.twitter.com"" rel=""nofollow"">Twitter Media Studio</a>",,,video,https://video.twimg.com/amplify_video/1990442708469522432/vid/avc1/1920x1080/hF2uRGjt7LCY1Fv_.mp4?tag=21
'1990439569599123650',"Investor sentiment is in the toilet.

But everyone wants to know…is the bull market over? https://t.co/X18E09MnTM",en,Tweet,76,583,57,121,444080,2025-11-17 18:19:08,"<a href=""https://studio.twitter.com"" rel=""nofollow"">Twitter Media Studio</a>",,,video,https://video.twimg.com/amplify_video/1990439040097583104/vid/avc1/1920x1080/dbVPHE-UnFrgsEUy.mp4?tag=21
'1990401027892232578',"God, Family, Country. https://t.co/NmKcPhZKmQ",en,Tweet,4,475,26,85,37733,2025-11-17 15:45:59,"<a href=""https://mobile.twitter.com"" rel=""nofollow"">Twitter Web App</a>",,,photo,https://pbs.twimg.com/media/G59SXWoX0AA2VWJ.jpg
'1990391724405879001',"The people who say the US economy is stronger than ever are right.

The people who say the average American citizen is experiencing immense financial pain is right. 

Welcome to the K-shaped economy.",en,Tweet,16,549,35,108,49717,2025-11-17 15:09:01,"<a href=""http://twitter.com/download/iphone"" rel=""nofollow"">Twitter for iPhone</a>",,,,
'1990389704722628715',"The Age of Automation is upon us.

Financial markets are dominated by algorithms. Artificial intelligence is pushing profit margins higher. Humanoid robots are poised to infiltrate every corner of society.

Any work that can be automated, will be automated.",en,Tweet,10,285,28,92,43459,2025-11-17 15:00:59,"<a href=""http://twitter.com/download/iphone"" rel=""nofollow"">Twitter for iPhone</a>",,,,
'1990362554485690389',Good morning. Today is going to be a great day. Let’s get after it relentlessly.,en,Tweet,5,727,43,122,48500,2025-11-17 13:13:06,"<a href=""http://twitter.com/download/iphone"" rel=""nofollow"">Twitter for iPhone</a>",,,,
'1989745883316195763',"RT @undefined: My wealthiest mentors and friends spend an absurd amount of money on financial experts.

They have accountants, lawyers, bankers, tax consultants, estate planners, and more.

These teams can cost millions of dollars per year in some cases. The average person can not afford to hire these teams.

But with the invention of superhuman intelligence in the latest AI models, we can now bring the same expertise and knowledge to anyone in the world.

This is why we built @cfosilvia.

Silvia is able to leverage the best AI models to answer questions, do complex calculations, help plan future scenarios, analyze current events, and surface ideas for your personal portfolio.

She is smarter, faster, and cheaper than a human.

By using Silvia, you get superhuman intelligence working to improve your personal financial situation.

And the best part? It is completely free.

Thousands of investors trust Silvia to work on over $15 billion in assets across their portfolios.

Sign up for free here: https://t.co/bMI7hLeK8s",en,Retweet,154,232,46,90,145432,2025-11-15 20:22:40,"<a href=""http://twitter.com/download/iphone"" rel=""nofollow"">Twitter for iPhone</a>",,,,
'1990210031300558903',"RT @undefined: I am writing a letter to 270,000 investors tomorrow morning about the current state of financial markets, including whether the bull run in stocks and bitcoin is over.

You can subscribe here to get it in your inbox: https://t.co/29uk453dzh",en,Retweet,30,505,23,116,119077,2025-11-17 03:07:02,"<a href=""https://mobile.twitter.com"" rel=""nofollow"">Twitter Web App</a>",,http://www.pompletter.com,,
'1990227917306241513',"This is a WILD chart.

H/t @awealthofcs https://t.co/GcyikUM4Dj",en,Tweet,30,353,30,64,58797,2025-11-17 04:18:06,"<a href=""https://mobile.twitter.com"" rel=""nofollow"">Twitter Web App</a>",,,photo,https://pbs.twimg.com/media/G561u8zXEAAxAAx.png
'1990224490912206945',"Does bitcoin close 2025 above or below $100,000 per coin?",en,Tweet,9,196,24,93,72163,2025-11-17 04:04:29,"<a href=""https://mobile.twitter.com"" rel=""nofollow"">Twitter Web App</a>",,,,
'1990205290503954548',"RT @undefined: Bitcoin has officially turned negative for the year. 

It's down 0.03% in 2025 and losing to stocks and gold by double-digits.

Still, $BTC has only finished a calendar year negative three times in the last 15 years. https://t.co/NwekGx57kq",en,Retweet,15,130,19,24,35900,2025-11-17 02:48:12,"<a href=""https://mobile.twitter.com"" rel=""nofollow"">Twitter Web App</a>",,,photo,https://pbs.twimg.com/media/G56gj6qW0AExT--.jpg
'1990210031300558903',"I am writing a letter to 270,000 investors tomorrow morning about the current state of financial markets, including whether the bull run in stocks and bitcoin is over.

You can subscribe here to get it in your inbox: https://t.co/29uk453dzh",en,Tweet,30,505,23,116,119077,2025-11-17 03:07:02,"<a href=""https://mobile.twitter.com"" rel=""nofollow"">Twitter Web App</a>",,http://www.pompletter.com,,
'1990200570490351912',Going to be a big week.,en,Tweet,32,2806,119,271,221951,2025-11-17 02:29:26,"<a href=""http://twitter.com/download/iphone"" rel=""nofollow"">Twitter for iPhone</a>",,,,
'1989701453762437415',"RT @undefined: I sat down with @jvisserlabs this week to discuss the recent sell-off in asset prices, including why the absence of a clear catalyst matters, how it may change the way you think about your portfolio, and where Jordi believes capital could rotate over the next 12–16 months. 

We also dig into Bitcoin’s lackluster performance, whether investors should be worried, and how to interpret the current market environment.

Enjoy!

YouTube: https://t.co/GdNBQM2qjW 
Spotify: https://t.co/Bv9zMRtbc5
Apple: https://t.co/cLtFPkT2Nh

TIMESTAMPS:
0:00 - Intro
0:55 - Why assets are selling off with no clear catalyst
7:21 - Will markets stabilize into year-end?
9:30 - The CoreWeave bottleneck & AI infrastructure limits
11:43 - The next big theme: AI + pharmaceuticals
17:59 - Innovation waves: humanoids, pharma, bitcoin
24:10 - Bitcoin sentiment, distribution & long-term thesis
37:38 - Jordi’s winners through 2026",en,Retweet,177,432,54,63,169594,2025-11-15 17:26:08,"<a href=""https://mobile.twitter.com"" rel=""nofollow"">Twitter Web App</a>",,,video,https://video.twimg.com/amplify_video/1989700613999923200/vid/avc1/1920x1080/3zdTC3IecFKJVIvk.mp4?tag=21
'1990153360628936967',@Justin_Mateen @WhopIO 🔥,qme,Reply,0,5,0,1,1105,2025-11-16 23:21:51,"<a href=""http://twitter.com/download/iphone"" rel=""nofollow"">Twitter for iPhone</a>",,,,
'1990098412394488098',@PEoperator One of my all-time favorites.,en,Reply,0,3,0,2,786,2025-11-16 19:43:30,"<a href=""https://mobile.twitter.com"" rel=""nofollow"">Twitter Web App</a>",,,,
'1990069909464772978',"Cantor Fitzgerald is reportedly going to do $2.5 billion in revenue this year.

That is a much bigger number than most folks expected. 

I keep telling people that everyone is underestimating @Brandonlutnick, @KyleLutnick and the rest of the Cantor team. https://t.co/B9xWVcN2bL",en,Tweet,88,589,45,173,279457,2025-11-16 17:50:14,"<a href=""https://mobile.twitter.com"" rel=""nofollow"">Twitter Web App</a>",,,photo,https://pbs.twimg.com/media/G54l9BxXcAAI8Wq.jpg
'1990066677539541304',Worth reading. You can learn more from studying the great dealmakers than you ever will in a MBA class. https://t.co/nplfXUdva6,en,Tweet,858,1025,115,54,70627,2025-11-16 17:37:24,"<a href=""http://twitter.com/download/iphone"" rel=""nofollow"">Twitter for iPhone</a>",,,photo,https://pbs.twimg.com/media/G54jGD1WIAA5sMm.jpg
'1990046485740679582',@ericjackson ❤️,qme,Reply,0,19,2,0,2535,2025-11-16 16:17:10,"<a href=""http://twitter.com/download/iphone"" rel=""nofollow"">Twitter for iPhone</a>",,,,
'1989745883316195763',"My wealthiest mentors and friends spend an absurd amount of money on financial experts.

They have accountants, lawyers, bankers, tax consultants, estate planners, and more.

These teams can cost millions of dollars per year in some cases. The average person can not afford to hire these teams.

But with the invention of superhuman intelligence in the latest AI models, we can now bring the same expertise and knowledge to anyone in the world.

This is why we built @cfosilvia.

Silvia is able to leverage the best AI models to answer questions, do complex calculations, help plan future scenarios, analyze current events, and surface ideas for your personal portfolio.

She is smarter, faster, and cheaper than a human.

By using Silvia, you get superhuman intelligence working to improve your personal financial situation.

And the best part? It is completely free.

Thousands of investors trust Silvia to work on over $15 billion in assets across their portfolios.

Sign up for free here: https://t.co/bMI7hLeK8s",en,Tweet,154,232,46,90,145432,2025-11-15 20:22:40,"<a href=""http://twitter.com/download/iphone"" rel=""nofollow"">Twitter for iPhone</a>",,,,
'1989890313742143646',@bullishbearcryp @CryptoCaraibes Will work on it. Any others?,en,Reply,0,14,1,2,122,2025-11-16 05:56:35,"<a href=""http://twitter.com/download/iphone"" rel=""nofollow"">Twitter for iPhone</a>",,,,
'1989890056723591496',@Jay639111888394 What issues need improvement? We talk to many users every day and constantly fix bugs or improve features. Happy to incorporate your feedback too,en,Reply,0,11,1,2,310,2025-11-16 05:55:34,"<a href=""http://twitter.com/download/iphone"" rel=""nofollow"">Twitter for iPhone</a>",,,,
'1989889802221580736',"@Meditations121 Yes, shooting to release it before the end of the year.",en,Reply,0,11,2,2,329,2025-11-16 05:54:33,"<a href=""http://twitter.com/download/iphone"" rel=""nofollow"">Twitter for iPhone</a>",,,,
'1989889738501656706',@Guy_026 It is in testing now. We should have it out before end of year.,en,Reply,0,9,2,2,271,2025-11-16 05:54:18,"<a href=""http://twitter.com/download/iphone"" rel=""nofollow"">Twitter for iPhone</a>",,,,
'1989889665466331488',"@smartbar_eu If you can build something better, please do. Until you do though, stop screeching from the cheap seats.",en,Reply,0,14,2,2,493,2025-11-16 05:54:01,"<a href=""http://twitter.com/download/iphone"" rel=""nofollow"">Twitter for iPhone</a>",,,,
'1989889385840406906',"@CryptoCaraibes Yes, we are working on it. There are some complexities that is making it take longer",en,Reply,0,3,0,1,328,2025-11-16 05:52:54,"<a href=""http://twitter.com/download/iphone"" rel=""nofollow"">Twitter for iPhone</a>",,,,
'1989889285617516847',@0xluckywiz Try her and let me know what you think,en,Reply,0,2,0,0,326,2025-11-16 05:52:30,"<a href=""http://twitter.com/download/iphone"" rel=""nofollow"">Twitter for iPhone</a>",,,,
'1989889172442943849',@JoaquinEspi3 People complain about everything on the internet. Feedback so far has been very good. We are working hard to keep improving the product.,en,Reply,0,8,0,1,321,2025-11-16 05:52:03,"<a href=""http://twitter.com/download/iphone"" rel=""nofollow"">Twitter for iPhone</a>",,,,
'1989889002598441018',@MJWhitaker81 DM me the details. No one else is reporting this issue and my assets are updating normally. I will look into what is happening with @shaincodes,en,Reply,0,3,0,2,340,2025-11-16 05:51:23,"<a href=""http://twitter.com/download/iphone"" rel=""nofollow"">Twitter for iPhone</a>",,,,
'1989888820876079327',"@aterrien Yes, we are racing to add support for more international banks. Depending which country, we have some of the major ones supported already but many others on the way.",en,Reply,0,3,0,1,484,2025-11-16 05:50:39,"<a href=""http://twitter.com/download/iphone"" rel=""nofollow"">Twitter for iPhone</a>",,,,
'1989888582006239499',@MitchellHODL 🙏🏼❤️,qme,Reply,0,20,0,1,1390,2025-11-16 05:49:42,"<a href=""http://twitter.com/download/iphone"" rel=""nofollow"">Twitter for iPhone</a>",,,,
'1989857445666001269',@VillageWest47 👀,qme,Reply,0,0,0,1,246,2025-11-16 03:45:59,"<a href=""http://twitter.com/download/iphone"" rel=""nofollow"">Twitter for iPhone</a>",,,,
'1989797417039048807',"@fundstrat It was very easy to see as long as people were willing to think independently from the crowd. 

🤝",en,Reply,3,100,0,20,12439,2025-11-15 23:47:27,"<a href=""https://mobile.twitter.com"" rel=""nofollow"">Twitter Web App</a>",,,,
'1989789414583931385',"Politicians now want to ban private companies from using technology to create profits.

Why stop at AI? Why not ban computers and the internet too? Get rid of cars, electricity, and running water too!

Just insane policy recommendations that ignore reality. https://t.co/mnodYW9LuA",en,Tweet,38,1336,119,233,68113,2025-11-15 23:15:39,"<a href=""http://twitter.com/download/iphone"" rel=""nofollow"">Twitter for iPhone</a>",,,photo,https://pbs.twimg.com/media/G50m7WMXwAAgBOG.jpg
'1989789083879747585',@DrJStrategy 🔥,qme,Reply,0,6,0,2,792,2025-11-15 23:14:20,"<a href=""https://mobile.twitter.com"" rel=""nofollow"">Twitter Web App</a>",,,,
'1989784506476400717',"Stock market bears have predicted like 4 recessions this year.

They have been wrong every time.",en,Tweet,12,1080,62,136,61993,2025-11-15 22:56:09,"<a href=""https://mobile.twitter.com"" rel=""nofollow"">Twitter Web App</a>",,,,
'1989729460539855074',"I have said all year that tariffs lead to lower prices and do not cause inflation.

Now the Fed is agreeing based on their recent study of the last 150 years.

You would have known this back in April if you read the daily letter I write.

Subscribe here: https://t.co/29uk453LoP",en,Tweet,230,873,90,285,284819,2025-11-15 19:17:25,"<a href=""http://twitter.com/download/iphone"" rel=""nofollow"">Twitter for iPhone</a>",,http://www.pompletter.com,,
'1989742504929804589',"They are placating their base, but the lower tariffs aren’t going to lower grocery prices. 

Grocery prices were going up quickly before the tariffs, they have been growing at a similar pace since the tariffs, and they aren’t going to slow down without tariffs. 

Only thing that will help is producing more food supply.",en,Reply,0,9,1,9,1355,2025-11-15 20:09:15,"<a href=""http://twitter.com/download/iphone"" rel=""nofollow"">Twitter for iPhone</a>",,,,
'1989708560318545947',RT @undefined: Another week of fatigue for the markets.  Pomp and I cover it in depth and highlight a new area where AI is about to have a breakthrough and why this will be the event that makes people understand its importance to humanity and how to play it.,en,Retweet,135,644,69,52,97182,2025-11-15 17:54:22,"<a href=""http://twitter.com/download/iphone"" rel=""nofollow"">Twitter for iPhone</a>",,,,
'1989732320060887057',"@nickchodge Inflation is not 3%. The government doesn't know how to count inflation, which is why so many people are confused.

Inflation is around 2.2 - 2.5% according to @truflation which is a much more reliable metric (real-time, alternative measurement).",en,Reply,0,3,0,1,193,2025-11-15 19:28:47,"<a href=""https://mobile.twitter.com"" rel=""nofollow"">Twitter Web App</a>",,,,
'1989731905797808157',@LamorteGerard There is no such thing as tariff inflation. That is the point of the Fed study and what I have been saying all year.,en,Reply,0,20,0,14,3432,2025-11-15 19:27:08,"<a href=""https://mobile.twitter.com"" rel=""nofollow"">Twitter Web App</a>",,,,
'1989702635939631158',@jackmallers @milessuter You have been at the forefront of pushing bitcoin forward for a long time. The industry is fortunate to have you 🙏🏼,en,Reply,2,187,4,5,8246,2025-11-15 17:30:49,"<a href=""https://mobile.twitter.com"" rel=""nofollow"">Twitter Web App</a>",,,,
'1989679481959710757',"What was the best thing you read, watched, or listened to this week?      

Any topic is fair game.",en,Tweet,28,293,18,309,89952,2025-11-15 15:58:49,"<a href=""http://twitter.com/download/iphone"" rel=""nofollow"">Twitter for iPhone</a>",,,,
'1989701599887794371',@PEoperator There goes my afternoon...,en,Reply,0,11,0,1,1099,2025-11-15 17:26:42,"<a href=""https://mobile.twitter.com"" rel=""nofollow"">Twitter Web App</a>",,,,
'1989701453762437415',"I sat down with @jvisserlabs this week to discuss the recent sell-off in asset prices, including why the absence of a clear catalyst matters, how it may change the way you think about your portfolio, and where Jordi believes capital could rotate over the next 12–16 months. 

We also dig into Bitcoin’s lackluster performance, whether investors should be worried, and how to interpret the current market environment.

Enjoy!

YouTube: https://t.co/GdNBQM2qjW 
Spotify: https://t.co/Bv9zMRtbc5
Apple: https://t.co/cLtFPkT2Nh

TIMESTAMPS:
0:00 - Intro
0:55 - Why assets are selling off with no clear catalyst
7:21 - Will markets stabilize into year-end?
9:30 - The CoreWeave bottleneck & AI infrastructure limits
11:43 - The next big theme: AI + pharmaceuticals
17:59 - Innovation waves: humanoids, pharma, bitcoin
24:10 - Bitcoin sentiment, distribution & long-term thesis
37:38 - Jordi’s winners through 2026",en,Tweet,177,432,54,63,169594,2025-11-15 17:26:08,"<a href=""https://mobile.twitter.com"" rel=""nofollow"">Twitter Web App</a>",,,video,https://video.twimg.com/amplify_video/1989700613999923200/vid/avc1/1920x1080/3zdTC3IecFKJVIvk.mp4?tag=21
'1989509455432864093',@BitcoinTarheel @dgt10011 ❤️,qme,Reply,1,11,3,1,185,2025-11-15 04:43:12,"<a href=""http://twitter.com/download/iphone"" rel=""nofollow"">Twitter for iPhone</a>",,,,
'1989487422241919241',"Why did President Trump pardon Binance founder @cz_binance?

Was there any pay-to-play involved in this pardon?

These are important questions being asked by many people, so I sat down with @teresagoody (CZ's lawyer) and asked her all the important questions.

Enjoy!

YouTube: https://t.co/ca29KXfBIF
Spotify: https://t.co/glYJ2YJFEY
Apple: https://t.co/R5paYKmvpw

TIMESTAMPS:
0:00 - Intro
0:57 - What was CZ charged with and why was he pardoned?
3:51 - How does the pardon process work?
7:38 - Was there pay-to-play or corruption involved?
12:03 - Other chains, other CEOs, and the bitcoin-wallet rumors
16:05 - How did CZ handle all of this personally?
18:34 - Elizabeth Warren’s claims — what happened?
23:10 - Is crypto policy now a political pendulum?
24:57 - What happens to Binance now?",en,Tweet,164,555,109,241,910987,2025-11-15 03:15:39,"<a href=""https://mobile.twitter.com"" rel=""nofollow"">Twitter Web App</a>",,,video,https://video.twimg.com/amplify_video/1989485365749497856/vid/avc1/1920x1080/jjskQFkkoEkZ7nIn.mp4?tag=21
'1989482035560243461',@ericjackson 🤝🙏🏼,qme,Reply,0,15,3,2,1389,2025-11-15 02:54:14,"<a href=""https://mobile.twitter.com"" rel=""nofollow"">Twitter Web App</a>",,,,
'1989445825886654861',$OPEN Army and $BRR meeting 👀 https://t.co/V8WpTVLMiG,en,Tweet,9,809,35,70,91534,2025-11-15 00:30:21,"<a href=""http://twitter.com/download/iphone"" rel=""nofollow"">Twitter for iPhone</a>",,,photo,https://pbs.twimg.com/media/G5vuEJjWEAApXwY.jpg
'1989451742782869717',"@JJS36038159 Whatever you say to me, bounces off me and sticks to you.",en,Reply,0,9,1,4,589,2025-11-15 00:53:52,"<a href=""http://twitter.com/download/iphone"" rel=""nofollow"">Twitter for iPhone</a>",,,,
'1989447700778209326',@jackmallers @Strike 🔥,qme,Reply,1,29,3,2,5470,2025-11-15 00:37:48,"<a href=""https://mobile.twitter.com"" rel=""nofollow"">Twitter Web App</a>",,,,
'1989425894801510531',https://t.co/hAnVl5deHN,zxx,Tweet,15,116,12,18,30171,2025-11-14 23:11:09,"<a href=""https://mobile.twitter.com"" rel=""nofollow"">Twitter Web App</a>",,,photo,https://pbs.twimg.com/media/G5vcRroXsAAfXHu.png
'1989414278806331526',"From the Desk of Anthony Pompliano

0:00 Panic In The markets - Is The Bull market Over?
3:20 Chicago Treasurer Boycotts US Treasuries
4:29 Is $100k Bitcoin The New Base?

7:12 Blue Origin Lands Their Reusable Rocket

Enjoy! https://t.co/R5bEaILiN2",en,Tweet,13,108,17,37,28622,2025-11-14 22:25:00,"<a href=""https://studio.twitter.com"" rel=""nofollow"">Twitter Media Studio</a>",,,video,https://video.twimg.com/amplify_video/1989377271065346049/vid/avc1/1920x1080/podYuNL7SRv98H_s.mp4?tag=21
'1989410503987532161',"Blue Origin landed their reusable rocket yesterday.

American innovation is alive and well. https://t.co/viMCHZIpCV",en,Tweet,0,157,13,22,67386,2025-11-14 22:10:00,"<a href=""https://studio.twitter.com"" rel=""nofollow"">Twitter Media Studio</a>",,,video,https://video.twimg.com/amplify_video/1989371147461541888/vid/avc1/1920x1080/7a7jpKPh4vfRCfnE.mp4?tag=21
'1989403326073729106',@JoePompliano @ChiSportsSummit LETS GO!!,en,Reply,0,7,0,0,1935,2025-11-14 21:41:28,"<a href=""https://mobile.twitter.com"" rel=""nofollow"">Twitter Web App</a>",,,,
'1989399179236462813',"Jeff Park (@dgt10011) explains how he is thinking about $100,000 as a key bitcoin level. https://t.co/Em28NCA0FL",en,Tweet,60,386,34,54,222231,2025-11-14 21:25:00,"<a href=""https://studio.twitter.com"" rel=""nofollow"">Twitter Media Studio</a>",,,video,https://video.twimg.com/amplify_video/1989368783946096640/vid/avc1/1920x1080/FyAXzBNM1eZWcMij.mp4?tag=21
'1989390371457994803',"The Chicago Treasurer wants to refrain from buying US treasuries to protest the President of the United States.

This has to be one of the dumbest investment decisions in recent memory. https://t.co/lbGkznHXRx",en,Tweet,14,247,22,57,34253,2025-11-14 20:50:00,"<a href=""https://studio.twitter.com"" rel=""nofollow"">Twitter Media Studio</a>",,,video,https://video.twimg.com/amplify_video/1989368029348503554/vid/avc1/1920x1080/xUVZNrN-FldOPOLq.mp4?tag=21
'1989381721834623430',@morganb 🔥,qme,Reply,0,6,0,0,454,2025-11-14 20:15:38,"<a href=""http://twitter.com/download/iphone"" rel=""nofollow"">Twitter for iPhone</a>",,,,
'1989379499381952904',"There is panic in the markets.

But emotional investors are losing investors.

This too shall pass. https://t.co/tQvYSouC58",en,Tweet,85,1332,92,152,337626,2025-11-14 20:06:48,"<a href=""https://studio.twitter.com"" rel=""nofollow"">Twitter Media Studio</a>",,,video,https://video.twimg.com/amplify_video/1989368015993839617/vid/avc1/1920x1080/lcK2l-2Vl5K24cSs.mp4?tag=21
'1989315157109907645',This has to be the most insane rationale behind an investment decision I have ever seen… https://t.co/ze7V15sHYh,en,Tweet,19,863,75,202,87451,2025-11-14 15:51:07,"<a href=""http://twitter.com/download/iphone"" rel=""nofollow"">Twitter for iPhone</a>",,,photo,https://pbs.twimg.com/media/G5t3l1XXEAIFrWU.jpg
'1989313004395975147',@PEoperator These anecdotes are so good,en,Reply,0,8,0,2,1736,2025-11-14 15:42:34,"<a href=""http://twitter.com/download/iphone"" rel=""nofollow"">Twitter for iPhone</a>",,,,
'1989312512089579651',@DivesTech 🔥🔥🔥,qme,Reply,0,49,0,2,3675,2025-11-14 15:40:37,"<a href=""http://twitter.com/download/iphone"" rel=""nofollow"">Twitter for iPhone</a>",,,,
'1989310811097964613',"Bitcoin will have short term volatility, but long term resilience.

The perfect asset for young people to protect their purchasing power over their lifetime.",en,Tweet,31,1750,134,189,73290,2025-11-14 15:33:51,"<a href=""http://twitter.com/download/iphone"" rel=""nofollow"">Twitter for iPhone</a>",,,,
'1989309637825278311',"@markoinny 😂 

Marko - let’s get you on a podcast episode so you can explain this to the true believers?",en,Reply,0,2,0,0,446,2025-11-14 15:29:11,"<a href=""http://twitter.com/download/iphone"" rel=""nofollow"">Twitter for iPhone</a>",,,,
'1989308531883839692',Volatility is essential for a portfolio to avoid death by debasement.,en,Tweet,10,679,42,72,49156,2025-11-14 15:24:48,"<a href=""http://twitter.com/download/iphone"" rel=""nofollow"">Twitter for iPhone</a>",,,,
'1989287008649556422',Good morning. Today is going to be a great day. Let’s get after it relentlessly.,en,Tweet,4,527,27,76,45221,2025-11-14 13:59:16,"<a href=""http://twitter.com/download/iphone"" rel=""nofollow"">Twitter for iPhone</a>",,,,
'1989166224396496907',"For everyone who claims the United States can not manufacture anything, remember that America has produced the only two companies in human history that can launch reusable rockets.

Incredible.",en,Tweet,11,1036,63,138,55633,2025-11-14 05:59:19,"<a href=""https://mobile.twitter.com"" rel=""nofollow"">Twitter Web App</a>",,,,
'1989126749385642408',@PEoperator 🔥,qme,Reply,0,12,0,1,1143,2025-11-14 03:22:27,"<a href=""http://twitter.com/download/iphone"" rel=""nofollow"">Twitter for iPhone</a>",,,,
'1989056523541360954',@fejau_inc @nivdr,qam,Reply,1,2,1,1,1030,2025-11-13 22:43:24,"<a href=""http://twitter.com/download/iphone"" rel=""nofollow"">Twitter for iPhone</a>",,,,
'1989056062729908349',@AdamSingolda 🙏🏼🔥,qme,Reply,0,13,2,1,200,2025-11-13 22:41:34,"<a href=""http://twitter.com/download/iphone"" rel=""nofollow"">Twitter for iPhone</a>",,,,
'1989034275682042151',"From the Desk of Anthony Pompliano

0:00 Home Affordability Is Impacting Everything
6:30 Warren Buffett Shares His Final Notes
8:32 Milton Friedman’s Recipe For Economic Policy Success 

Enjoy! https://t.co/ex3Sqc9EZ4",en,Tweet,20,128,24,35,38275,2025-11-13 21:15:00,"<a href=""https://studio.twitter.com"" rel=""nofollow"">Twitter Media Studio</a>",,,video,https://video.twimg.com/amplify_video/1989007843106697221/vid/avc1/1920x1080/UDTJtk74n5H2-GNk.mp4?tag=21
'1989022952063414302',Milton Friedman explains exactly how to use economic policy to improve the lives of all American citizens. https://t.co/BlXlq4KLVi,en,Tweet,27,216,29,35,123218,2025-11-13 20:30:00,"<a href=""https://studio.twitter.com"" rel=""nofollow"">Twitter Media Studio</a>",,,video,https://video.twimg.com/amplify_video/1989007830427316235/vid/avc1/1920x1080/aeWp0Ve2Hvq45dDD.mp4?tag=21
'1989011626746577218',"Warren Buffett is retiring.

He is one of the best investors ever.

Young people can learn an immense amount from him. https://t.co/viAGInRXWh",en,Tweet,30,338,51,65,49498,2025-11-13 19:45:00,"<a href=""https://studio.twitter.com"" rel=""nofollow"">Twitter Media Studio</a>",,,video,https://video.twimg.com/amplify_video/1989000469687967744/vid/avc1/1920x1080/QjQyKvzD2vt4XXm_.mp4?tag=21
'1989011348680761355',@ethankimmel @Gemini 🔥🔥,qme,Reply,0,4,0,2,251,2025-11-13 19:43:54,"<a href=""http://twitter.com/download/iphone"" rel=""nofollow"">Twitter for iPhone</a>",,,,
'1989010820483985524',@ericjackson 🔥🔥,qme,Reply,0,15,1,2,2036,2025-11-13 19:41:48,"<a href=""http://twitter.com/download/iphone"" rel=""nofollow"">Twitter for iPhone</a>",,,,
'1989000451145007309',"Home affordability is impacting monetary policy, financial markets, and American politics.

The only way to fix it is to build more housing supply,

Fix housing, fix America. 🇺🇸 https://t.co/4Cawpp74Jj",en,Tweet,41,806,77,270,279382,2025-11-13 19:00:36,"<a href=""https://studio.twitter.com"" rel=""nofollow"">Twitter Media Studio</a>",,,video,https://video.twimg.com/amplify_video/1989000127814483968/vid/avc1/1920x1080/gB2V3kzFJKqzHfWt.mp4?tag=21
'1988958887136096583',You can learn anything on the internet.,en,Tweet,10,497,47,100,38251,2025-11-13 16:15:26,"<a href=""https://mobile.twitter.com"" rel=""nofollow"">Twitter Web App</a>",,,,
'1988953635271897322',"America would be better off if every parent taught their children ""for God and country"" as a core belief.

It is through collective service that everyone is lifted up.",en,Tweet,5,486,44,109,37721,2025-11-13 15:54:34,"<a href=""https://mobile.twitter.com"" rel=""nofollow"">Twitter Web App</a>",,,,
'1988951228634788212',"Every time you see a public company talking about using AI internally, you should translate it to ""efficiency.""

They are using software to drive more revenue with fewer expenses.

When you see the technology trend for what it is, the idea we are in a bubble becomes ridiculous.",en,Tweet,12,283,32,80,35154,2025-11-13 15:45:00,"<a href=""https://mobile.twitter.com"" rel=""nofollow"">Twitter Web App</a>",,,,
'1988946523435200697',"Bausch + Lomb CEO @brentlsaunders just said on CNBC they are one of the few companies that manufacture products for US consumers inside the US.

Great to see American manufacturing being promoted by one of the best CEOs in America.

🇺🇸",en,Tweet,1,127,11,27,29129,2025-11-13 15:26:18,"<a href=""https://mobile.twitter.com"" rel=""nofollow"">Twitter Web App</a>",,,,
'1988922108269707627',Good morning. Today is going to be a great day. Let’s get after it relentlessly.,en,Tweet,3,574,27,90,41782,2025-11-13 13:49:17,"<a href=""http://twitter.com/download/iphone"" rel=""nofollow"">Twitter for iPhone</a>",,,,
'1988740674251100208',Bitcoin doesn’t care about your feelings.,en,Tweet,21,1859,133,197,84218,2025-11-13 01:48:20,"<a href=""http://twitter.com/download/iphone"" rel=""nofollow"">Twitter for iPhone</a>",,,,
'1988721088012984773',@ericjackson 🔥,qme,Reply,1,48,4,2,3765,2025-11-13 00:30:30,"<a href=""https://mobile.twitter.com"" rel=""nofollow"">Twitter Web App</a>",,,,
'1988711295911104641',The $OPEN shorts are feeling max pain right now.,en,Tweet,12,1014,84,107,64238,2025-11-12 23:51:36,"<a href=""https://mobile.twitter.com"" rel=""nofollow"">Twitter Web App</a>",,,,
'1988645616088764826',"The bull market is just beginning.

That's the message from @ryandetrick in our latest conversation about stocks, bitcoin, and financial markets.

Enjoy! https://t.co/LHLkYMLWBN",en,Tweet,68,398,49,76,87394,2025-11-12 19:30:36,"<a href=""https://studio.twitter.com"" rel=""nofollow"">Twitter Media Studio</a>",,,video,https://video.twimg.com/amplify_video/1988643680677416960/vid/avc1/1920x1080/dEtzbqzj544qcynj.mp4?tag=21
'1988601898279297435',"Stocks are going higher because companies are larger and more profitable than ever before.

Either the bears can't do math or they hate reality.",en,Tweet,21,922,73,149,54964,2025-11-12 16:36:53,"<a href=""https://mobile.twitter.com"" rel=""nofollow"">Twitter Web App</a>",,,,
'1988587063399329954',@ericjackson Own the future 🔥,en,Reply,0,49,7,7,9391,2025-11-12 15:37:56,"<a href=""https://mobile.twitter.com"" rel=""nofollow"">Twitter Web App</a>",,,,
'1988583296469696829',A society is doomed to fail if it demonizes those willing to solve problems at scale.,en,Tweet,13,973,82,115,57510,2025-11-12 15:22:58,"<a href=""https://mobile.twitter.com"" rel=""nofollow"">Twitter Web App</a>",,,,
'1988550852626284738',Good morning. Today is going to be a great day. Let’s get after it relentlessly.,en,Tweet,1,477,23,100,35210,2025-11-12 13:14:03,"<a href=""http://twitter.com/download/iphone"" rel=""nofollow"">Twitter for iPhone</a>",,,,
'1988395860858990952',"@BucknSF No, the bubble only occurs once the demand is exhausted and supply outstrips demand.

Basic 101 of financial markets. 

There will be an AI bubble most likely, we are just not there when demand is so large compared to supply.",en,Reply,1,15,4,13,1798,2025-11-12 02:58:10,"<a href=""http://twitter.com/download/iphone"" rel=""nofollow"">Twitter for iPhone</a>",,,,
'1988380377673855177',I bet most people in America have no clue the government has been shut down for more than a month.,en,Tweet,16,1419,59,223,70990,2025-11-12 01:56:39,"<a href=""https://mobile.twitter.com"" rel=""nofollow"">Twitter Web App</a>",,,,
'1988379320096800838',@fahdananta You dropped this sir 👑,en,Reply,0,29,3,1,2439,2025-11-12 01:52:26,"<a href=""https://mobile.twitter.com"" rel=""nofollow"">Twitter Web App</a>",,,,
'1988353993727176787',"Happy Veterans Day to the courageous men and women who answered the call to defend our nation against all enemies, foreign or domestic.

It is these men and women who stand ready to commit violence on our behalf and they are a major reason why we have the freedoms that billions of people around the world dream of one day enjoying.

🫡🇺🇸",en,Tweet,1,288,22,46,34973,2025-11-12 00:11:48,"<a href=""http://twitter.com/download/iphone"" rel=""nofollow"">Twitter for iPhone</a>",,,,
'1988351981115895905',"Short sellers are a necessary function of the market, but that life has to be so miserable.

Constantly pessimistic and cheering for others to fail.

You couldn’t pay me enough money to do that on a daily basis.

Good luck to those who do it, but just couldn’t be me.",en,Tweet,38,1860,131,440,132415,2025-11-12 00:03:48,"<a href=""http://twitter.com/download/iphone"" rel=""nofollow"">Twitter for iPhone</a>",,,,
'1988345783381365186',“He who does more is of greater worth.” - Geoffroi de Charny,en,Tweet,7,197,19,37,33938,2025-11-11 23:39:11,"<a href=""http://twitter.com/download/iphone"" rel=""nofollow"">Twitter for iPhone</a>",,,,
'1988307206123704436',"@kianejatian 🔥🔥🔥

Let’s go! $OPEN team fired up",en,Reply,0,27,3,4,905,2025-11-11 21:05:53,"<a href=""http://twitter.com/download/iphone"" rel=""nofollow"">Twitter for iPhone</a>",,,,
'1988306919006892111',@TKL_Adam 🙏🏼,qme,Reply,0,18,1,6,555,2025-11-11 21:04:45,"<a href=""http://twitter.com/download/iphone"" rel=""nofollow"">Twitter for iPhone</a>",,,,
'1988306445734138072',@morganb @ErikaB 🔥🔥🔥,qme,Reply,0,25,3,1,1759,2025-11-11 21:02:52,"<a href=""http://twitter.com/download/iphone"" rel=""nofollow"">Twitter for iPhone</a>",,,,
'1988245470028726383',"""It's The Best Time EVER To Own Assets""

That is how @KobeissiLetter sees the current state of the US economy.

I sat down with him to discuss everything from stocks to home ownership and interest rates to 50 year mortgages. https://t.co/kKXBpkNrJB",en,Tweet,240,688,80,68,259044,2025-11-11 17:00:34,"<a href=""https://studio.twitter.com"" rel=""nofollow"">Twitter Media Studio</a>",,,video,https://video.twimg.com/amplify_video/1987961923158372357/vid/avc1/1920x1080/uCsJvQXz3PanJyVk.mp4?tag=21
'1988223860873761232',"It is hilarious to watch a bunch of spreadsheet monkeys screech how $OPEN is going to fail.

They dont realize it yet, but you can’t measure a company’s soul being reincarnated in a spreadsheet.

Never bet against missionaries.",en,Tweet,27,908,76,119,69586,2025-11-11 15:34:42,"<a href=""http://twitter.com/download/iphone"" rel=""nofollow"">Twitter for iPhone</a>",,,,
'1988222832036507946',"If we are in a stock market bubble, this would be the first time in history that a bubble occurred when companies were telling the market “we can’t keep up with demand!”",en,Tweet,76,1942,148,360,248463,2025-11-11 15:30:37,"<a href=""http://twitter.com/download/iphone"" rel=""nofollow"">Twitter for iPhone</a>",,,,
'1988199669827322124',Good morning. Today is going to be a great day. Let’s get after it relentlessly.,en,Tweet,4,597,31,89,44287,2025-11-11 13:58:34,"<a href=""http://twitter.com/download/iphone"" rel=""nofollow"">Twitter for iPhone</a>",,,,
'1987952886026777065',"You don’t need socialism to solve home affordability.

You just need to build more housing.

It really is that simple.",en,Tweet,23,1818,125,591,92842,2025-11-10 21:37:57,"<a href=""http://twitter.com/download/iphone"" rel=""nofollow"">Twitter for iPhone</a>",,,,
'1988040238984556563',"@Mikethejohnson If I prove building more supply in a region drives down housing prices, you delete your account.

Deal?",en,Reply,0,21,4,5,401,2025-11-11 03:25:03,"<a href=""http://twitter.com/download/iphone"" rel=""nofollow"">Twitter for iPhone</a>",,,,
'1988038455671050721',@Bangers Genius,lt,Reply,0,46,2,2,5505,2025-11-11 03:17:58,"<a href=""http://twitter.com/download/iphone"" rel=""nofollow"">Twitter for iPhone</a>",,,,
'1988023190774321588',"We saw @cfosilvia grow another 13% last week.

It is clear that people want to use AI to replace humans, especially when software is smarter, faster, and cheaper.

Silvia is an automated CFO for your personal finances.

Sign up for free here: https://t.co/587F3GzJzR",en,Tweet,12,99,21,66,34896,2025-11-11 02:17:19,"<a href=""https://mobile.twitter.com"" rel=""nofollow"">Twitter Web App</a>",,http://www.cfosilvia.com,,
'1988035693956788273',@brunnyfor3 @cfosilvia @dgt10011 @jvisserlabs 🔥,qme,Reply,0,11,4,3,126,2025-11-11 03:07:00,"<a href=""http://twitter.com/download/iphone"" rel=""nofollow"">Twitter for iPhone</a>",,,,
'1988031130084536376',@Uberchad333 @cfosilvia Get a new CFO,en,Reply,0,13,5,1,92,2025-11-11 02:48:51,"<a href=""http://twitter.com/download/iphone"" rel=""nofollow"">Twitter for iPhone</a>",,,,
'1988031013553947137',@CurlyHairComedy @cfosilvia Tweet it at me or @shaincodes,en,Reply,0,13,1,0,202,2025-11-11 02:48:24,"<a href=""http://twitter.com/download/iphone"" rel=""nofollow"">Twitter for iPhone</a>",,,,
'1988030943777464788',@brunnyfor3 @cfosilvia We use products like Plaid for connection. Have zero data retention agreements with LLM company. Data is anonymized and encrypted.,en,Reply,0,1,0,2,301,2025-11-11 02:48:07,"<a href=""http://twitter.com/download/iphone"" rel=""nofollow"">Twitter for iPhone</a>",,,,
'1988030735446380864',@johnnyB77570623 @cfosilvia Yes,und,Reply,0,2,0,0,155,2025-11-11 02:47:17,"<a href=""http://twitter.com/download/iphone"" rel=""nofollow"">Twitter for iPhone</a>",,,,
'1988030652932104255',@TimKobosko @cfosilvia @shaincodes will look into it,en,Reply,0,0,0,2,176,2025-11-11 02:46:58,"<a href=""http://twitter.com/download/iphone"" rel=""nofollow"">Twitter for iPhone</a>",,,,
'1988030517435121840',@MrPitbull07 ❤️,qme,Reply,0,24,1,2,2681,2025-11-11 02:46:25,"<a href=""http://twitter.com/download/iphone"" rel=""nofollow"">Twitter for iPhone</a>",,,,
'1988030173833552136',@daniel_dhawan @m_franceschetti 🔥🔥🔥,qme,Reply,0,1,0,2,180,2025-11-11 02:45:03,"<a href=""http://twitter.com/download/iphone"" rel=""nofollow"">Twitter for iPhone</a>",,,,
'1988022656059449778',@Mikethejohnson No they aren't. Institutions own like 1% of the single family homes in America.,en,Reply,2,14,0,15,1185,2025-11-11 02:15:11,"<a href=""https://mobile.twitter.com"" rel=""nofollow"">Twitter Web App</a>",,,,
'1988018824122429918',"Truflation being accepted and displayed on Bloomberg Terminals feels like a seminal moment.

Everyone knows the legacy government data is inaccurate, but no one wants to explicitly say it.

Including the alternative, real-time data is next best thing for incumbents to do.",en,Tweet,17,268,38,35,76630,2025-11-11 01:59:57,"<a href=""https://mobile.twitter.com"" rel=""nofollow"">Twitter Web App</a>",,,,
'1988010991007801406',@JoePompliano Excited to see the video recording,en,Reply,0,6,0,1,2298,2025-11-11 01:28:50,"<a href=""https://mobile.twitter.com"" rel=""nofollow"">Twitter Web App</a>",,,,
'1988002701553111341',"@CanadaKaz I love the conviction. You are not only showing us what is possible at $OPEN, but you are a great example for all public company CEOs to learn from.",en,Reply,4,512,22,11,41372,2025-11-11 00:55:54,"<a href=""https://mobile.twitter.com"" rel=""nofollow"">Twitter Web App</a>",,,,
'1988002491334816010',@DWorc @CanadaKaz We will get it set up at some point this year,en,Reply,0,3,0,1,67,2025-11-11 00:55:03,"<a href=""https://mobile.twitter.com"" rel=""nofollow"">Twitter Web App</a>",,,,
